784|15|9

0.000000|-0.000001|-0.000000|-0.000000|0.000000|-0.000001|0.000000|0.000001|0.000000|-0.000001|0.000001|0.000000|0.000001|0.000001|0.000000|
-0.000000|-0.000003|0.000000|-0.000000|0.000000|0.000000|0.000000|0.000000|-0.000000|

0.126503|0.248222|0.220319|-0.252457|-0.494979|0.434925|-0.314874|-0.374301|0.232661|0.319200|-0.378169|0.154044|0.258608|-0.295431|0.302948|-0.403570|-0.033616|0.354971|0.221523|-0.215113|0.447904|-0.412688|-0.216427|0.447832|0.149609|0.427762|0.057231|-0.347174|0.224274|0.413621|-0.106917|0.262486|-0.377829|-0.482828|0.043881|0.365920|-0.470201|0.104028|-0.367468|0.368141|-0.441509|0.344807|0.473866|0.106057|-0.054739|-0.386693|0.286908|-0.313753|-0.239046|-0.078661|-0.180383|0.116430|-0.207829|-0.364285|-0.047263|0.077034|-0.436177|0.026691|0.383752|0.106208|-0.484924|-0.028754|-0.260505|0.389229|-0.343289|0.254698|-0.039562|-0.228166|0.075147|0.457205|0.164399|0.011361|-0.133978|-0.142982|0.345728|-0.453263|-0.230934|-0.245066|0.070997|0.060408|0.371092|-0.034232|0.226668|-0.369766|0.205453|0.308152|0.044263|-0.394931|-0.009398|0.021843|-0.266864|0.034063|0.025869|-0.221019|0.280453|-0.371529|0.369160|-0.334611|0.445819|-0.478723|0.245342|0.409759|0.474379|-0.298777|-0.401204|-0.284511|0.020774|-0.477810|0.344595|0.447783|0.496880|0.371847|-0.068915|-0.344447|0.027563|-0.342603|-0.362678|0.304366|0.463212|-0.188258|-0.453549|0.271627|0.297494|0.262418|0.225242|-0.061922|-0.307642|-0.086026|0.187090|-0.037015|0.491331|-0.041255|-0.412097|-0.252979|-0.344170|-0.029290|0.166773|0.068660|-0.162834|-0.397005|-0.460364|-0.462859|0.320477|-0.452949|0.246842|0.216643|0.083625|-0.287361|0.397567|0.010384|0.003328|-0.060116|-0.219975|-0.077001|0.113696|0.214419|-0.368944|0.282879|0.298911|-0.369627|0.327753|-0.433226|0.121366|-0.489599|-0.423436|-0.490431|0.028261|-0.403248|-0.022822|0.031671|0.089704|0.313838|0.470262|-0.101871|0.483188|-0.032949|0.250327|0.409671|0.495033|-0.034439|0.050167|-0.180264|-0.298119|-0.086787|0.383496|-0.497495|0.095576|-0.382415|0.010573|-0.382387|-0.065462|0.065055|0.002666|0.098850|0.476049|-0.029589|0.195674|-0.176270|0.044637|-0.358409|-0.292468|0.090672|0.131445|-0.245005|0.183811|0.253475|0.196167|0.391877|-0.336716|0.078340|0.103323|0.350838|0.172551|0.449515|-0.079863|-0.456107|-0.153807|-0.114710|-0.410757|-0.181236|0.309402|-0.243180|-0.476217|-0.482351|0.245671|0.361749|0.300295|-0.305255|-0.356195|-0.368078|0.176242|-0.109429|0.160332|0.220910|-0.271138|0.382307|-0.207441|-0.119213|0.253594|0.250016|-0.286884|-0.355427|-0.073577|0.247520|-0.306719|-0.006120|-0.395236|-0.274225|0.489867|-0.176503|-0.428577|-0.264135|-0.033572|-0.254120|0.458492|-0.005170|-0.353718|0.015813|-0.132027|-0.202665|-0.187200|0.336350|0.012732|0.161691|-0.254761|0.196854|-0.373956|-0.210833|-0.192857|0.018919|-0.444429|0.440273|0.278566|-0.140245|0.282830|-0.485197|0.495299|0.445344|-0.240921|-0.136845|-0.267587|0.449886|-0.091344|-0.128601|-0.221435|0.327161|0.122602|-0.173486|-0.009001|0.093779|0.111893|0.194423|0.417762|-0.242248|-0.113392|-0.355275|-0.316712|0.246791|-0.442128|0.407257|0.369844|-0.194741|-0.362211|0.165704|0.447808|0.198514|0.426234|-0.058936|-0.358176|-0.055457|0.320228|0.443403|0.419913|-0.418432|0.140859|-0.297118|0.084171|0.465925|0.426680|-0.146512|0.374089|0.066113|0.121409|-0.467865|-0.020598|-0.201037|0.260699|-0.020655|-0.018401|-0.288435|0.256983|0.182827|-0.491590|-0.365981|0.240034|-0.016798|0.282480|0.350016|0.086936|-0.409890|-0.024423|-0.131040|-0.250400|0.042995|-0.328535|-0.104447|0.102344|0.085295|0.158329|-0.319984|0.169925|-0.026190|-0.049513|-0.369619|-0.005735|-0.388668|0.467086|-0.425987|0.017416|-0.080498|-0.379110|0.311396|-0.460798|0.163993|-0.472369|0.147512|-0.232125|-0.426832|0.131303|0.077515|-0.413946|-0.445746|-0.176873|-0.314587|0.397720|0.035223|-0.098652|0.400234|0.144490|0.010267|-0.009950|0.084675|0.087911|-0.468975|0.290000|-0.464430|-0.356949|-0.318047|-0.181604|-0.074163|-0.059575|-0.237946|0.143331|0.382301|0.250235|-0.318631|0.036908|0.226724|0.180298|-0.405454|-0.407270|-0.396853|0.466002|0.030301|0.234141|-0.451204|-0.095874|-0.119838|0.290894|-0.283191|-0.383817|-0.208900|0.126787|-0.432078|-0.096212|-0.182925|0.335967|-0.344801|-0.256817|-0.463703|-0.488860|0.314744|0.342475|0.067427|-0.100641|-0.328796|-0.387734|0.228294|0.457684|-0.091350|0.109357|0.264299|-0.484811|-0.029171|0.326690|-0.276425|-0.447721|0.390519|0.127942|-0.048966|0.287384|-0.327095|0.231992|0.470905|0.106638|0.413505|0.464742|-0.160528|0.090210|-0.337676|-0.211476|-0.099719|-0.380565|-0.345300|-0.435225|-0.065008|-0.178422|-0.218442|-0.328334|0.236821|-0.163698|-0.106432|0.083970|0.166226|-0.203200|-0.361632|-0.320253|0.030617|-0.420699|-0.335132|0.221883|-0.152342|0.207273|0.173334|-0.385456|-0.085464|-0.049901|0.295686|-0.039109|0.247567|-0.185677|-0.028406|0.019377|-0.013065|0.484182|0.255862|0.206506|0.253619|0.439846|-0.141151|-0.469141|0.283722|-0.384881|0.462099|0.209132|-0.452987|-0.208353|0.037112|0.361583|-0.470355|0.116166|0.111797|0.443395|-0.293074|-0.397244|-0.216705|-0.472075|0.107522|0.173384|-0.266670|0.162127|-0.376551|-0.338032|0.157345|-0.125333|-0.087280|0.054256|-0.040788|-0.479013|-0.490956|-0.094321|-0.000751|0.402463|0.263905|-0.257859|0.241687|-0.122847|0.066157|-0.162011|0.307306|0.403761|-0.284068|-0.045709|0.293180|-0.477329|-0.240299|0.437398|0.175871|-0.291834|0.298080|-0.378787|-0.476269|-0.125797|0.016872|-0.394467|0.154192|-0.478733|0.418388|0.169756|-0.197498|-0.317652|-0.292171|0.308860|0.461263|-0.037354|0.099836|0.468303|-0.305200|-0.192358|-0.203719|-0.063633|0.009423|-0.441143|-0.317840|-0.405897|-0.333304|0.441792|-0.405399|0.304194|0.488156|-0.303031|0.348995|0.410556|-0.383002|-0.031087|-0.426995|-0.248081|0.355470|0.391000|0.287354|-0.028718|-0.249540|-0.383252|0.348846|-0.484677|0.100137|-0.237451|0.274976|0.211949|-0.482048|0.152139|0.468929|-0.187314|0.340846|-0.220899|-0.197209|-0.495163|-0.468996|-0.151600|0.293741|-0.009062|-0.305085|0.248619|-0.390651|0.149765|0.021451|0.156313|-0.077520|-0.375671|0.320560|0.370288|0.145203|0.078755|0.020725|0.224242|0.181038|0.188421|-0.044340|-0.437662|0.456160|0.110138|-0.181313|-0.479723|-0.298697|0.087278|0.350885|0.453697|0.105817|0.410547|0.352858|-0.483782|-0.353672|0.437258|-0.030883|0.322813|0.474413|0.167890|0.474888|0.441014|0.179580|0.183908|-0.272473|0.351844|-0.093439|-0.175061|-0.147844|-0.477444|-0.451133|-0.293771|0.235568|0.381168|0.169979|-0.123617|-0.257295|0.232112|0.022701|-0.103273|-0.298239|-0.216494|0.290909|0.282634|-0.135704|-0.008214|0.307509|0.433929|0.139084|0.301752|-0.067182|-0.076555|-0.023695|-0.250165|-0.420509|-0.268840|-0.150741|0.387337|0.427194|0.072340|0.444229|0.466910|-0.003568|0.251718|-0.247971|-0.005688|-0.230297|-0.068804|-0.018346|0.376232|-0.164426|0.382116|-0.059618|0.399676|-0.065246|0.277181|0.414822|-0.172813|0.481845|-0.494346|-0.497301|-0.069060|0.376639|0.433750|-0.246596|0.225839|-0.209265|0.223410|0.143864|0.140058|0.304836|-0.099984|0.008113|0.347025|0.184103|0.142281|0.259613|-0.114184|0.430605|0.023934|0.369178|0.220895|-0.273393|0.220797|-0.027568|0.483614|0.038504|0.445324|0.225641|0.276876|-0.496308|0.347950|0.402904|-0.094774|0.272707|0.403111|0.018971|0.277303|0.302276|-0.060745|0.334642|0.307216|0.350661|0.306681|-0.443764|-0.067960|0.035183|0.108900|-0.265144|0.476713|0.280813|0.022570|-0.328961|0.292183|-0.089496|0.020126|-0.206730|-0.347922|0.439824|0.472342|-0.201705|0.148801|0.284015|0.023252|0.280493|-0.315594|0.170721|0.209581|0.166806|-0.253731|0.397062|-0.196728|0.204964|0.463998|0.159475|-0.425283|-0.308367|0.111145|-0.041411|0.169185|0.010126|-0.167896|-0.264212|-0.470458|-0.159121|-0.043993|-0.150847|
0.491842|-0.172212|0.089441|-0.440753|0.322541|-0.363325|0.470110|0.213152|0.244374|0.453885|-0.031163|-0.240140|0.387802|-0.234139|-0.027838|0.496564|0.493240|0.240463|0.196964|0.275454|-0.037364|-0.376755|-0.403669|-0.422625|0.229882|0.216388|0.440388|0.492469|-0.374521|-0.045861|0.030220|0.164746|-0.240528|-0.427882|-0.413437|-0.073684|-0.013752|-0.072667|0.428381|-0.274685|0.291453|-0.401510|-0.085665|-0.385675|-0.119672|0.080297|0.090655|0.490274|-0.345440|-0.276430|-0.050954|0.207230|0.119022|-0.058786|0.309317|0.061046|0.277258|-0.137304|-0.122190|-0.050986|0.199890|0.156080|0.073248|-0.395964|0.147602|-0.423315|0.207240|0.060660|-0.246158|-0.105585|0.133437|-0.140081|-0.477238|-0.243582|-0.055189|0.050839|-0.226447|-0.294465|-0.130690|-0.339470|0.222387|0.014484|0.003435|-0.080404|-0.272233|-0.402754|0.098454|0.346471|0.064024|0.449818|0.491107|-0.030558|-0.118115|-0.466833|-0.053233|0.264957|0.087583|-0.345968|0.443391|0.071141|-0.036803|0.097515|-0.335053|0.176818|0.421053|0.483524|0.081343|-0.280526|-0.470114|-0.309970|-0.187950|-0.053940|0.441773|-0.137592|-0.477199|-0.020574|0.002052|0.423253|0.409148|-0.386985|-0.377652|0.407383|-0.173882|0.010499|0.493130|-0.157680|-0.143963|0.469725|0.242143|0.307087|-0.185611|0.082168|-0.239142|0.478716|-0.498578|0.326894|0.131716|0.174989|0.045601|-0.283337|-0.467250|0.221942|0.346492|-0.348563|-0.072122|0.254509|0.150068|-0.472427|0.074861|-0.136727|-0.439671|0.169460|-0.268287|-0.326973|-0.175160|0.498073|-0.053485|-0.254288|0.304729|0.452029|0.281750|0.234437|-0.212502|-0.047701|0.204640|-0.097514|0.219712|-0.212739|-0.105666|-0.075651|-0.311134|-0.160079|0.179375|-0.127563|0.074716|-0.153648|0.030361|0.406355|-0.244142|-0.111396|-0.399405|-0.115855|0.271374|0.124191|0.386080|-0.325515|-0.492447|0.133373|0.183673|0.393460|-0.358694|0.434592|-0.208079|-0.363576|-0.022798|0.375546|0.387819|0.142768|0.024382|-0.293246|0.064830|-0.013530|-0.348988|-0.160666|0.219141|-0.193977|-0.301642|-0.207104|-0.431740|0.028231|-0.000263|0.315834|0.139824|-0.491497|-0.299603|-0.004996|0.142551|0.423834|0.338702|0.134336|0.066390|-0.369297|0.019923|0.391667|0.142587|-0.397739|0.084378|0.056862|0.358017|-0.102472|0.299631|0.489464|0.063723|-0.004648|-0.498004|0.067560|0.323925|0.453364|0.379879|-0.260363|-0.124463|-0.327583|0.195877|0.103175|-0.101116|-0.072284|0.351596|0.044732|0.342629|0.441443|-0.038249|-0.436562|0.339554|0.142927|0.406381|-0.095467|-0.097613|-0.000854|-0.023565|-0.105312|0.341950|-0.360805|0.180091|-0.368907|-0.273006|0.306601|0.288276|0.314518|-0.373838|0.016453|-0.353840|-0.482546|0.238140|-0.391974|0.134952|-0.279513|0.458815|0.226924|0.053024|0.108835|0.150359|0.228436|0.491796|-0.324109|-0.376259|-0.032443|-0.260632|-0.442700|0.175373|0.220593|-0.290964|0.325203|-0.216776|-0.416794|-0.299192|-0.037043|-0.425723|0.331985|0.345094|0.134299|0.079431|0.089801|-0.124437|0.010278|0.392325|-0.278740|-0.229079|0.161732|0.401556|-0.232362|0.256218|-0.304507|0.323610|0.386580|-0.267042|-0.315672|0.494453|0.450350|-0.461515|0.121871|0.412440|0.038785|0.050578|0.038893|0.275715|-0.184207|-0.002104|0.069135|0.009440|-0.460840|0.433700|0.447357|-0.371072|-0.009385|0.301345|0.139540|-0.379046|-0.161796|-0.224520|0.340258|0.498712|-0.293674|-0.214212|-0.444870|0.012629|-0.120712|-0.307225|-0.284159|-0.101559|0.079454|-0.322973|0.480145|-0.005158|0.215334|0.028450|-0.053397|-0.257676|-0.217811|-0.132331|-0.064894|-0.106457|-0.042030|0.436356|-0.272093|0.309259|-0.240039|-0.186701|0.354974|-0.296773|-0.479906|-0.298275|-0.358504|-0.138501|0.377143|0.475581|-0.241117|0.049556|-0.398750|-0.004566|0.247599|-0.128735|-0.396167|-0.233765|0.225048|-0.362633|-0.305471|0.110174|0.141072|0.029988|-0.302296|-0.221018|-0.064015|-0.019360|0.381948|-0.294151|-0.426768|-0.147015|-0.349674|-0.075257|-0.226120|-0.270110|0.367192|0.271737|-0.189479|0.482426|-0.232695|-0.348320|-0.024388|0.269756|-0.379214|0.076727|-0.312018|-0.475159|0.114311|-0.092097|0.328022|-0.097893|-0.447718|0.377212|-0.216024|-0.212740|-0.155585|-0.140578|-0.093764|-0.231623|-0.413769|-0.042340|0.244101|0.382751|-0.103749|-0.057163|0.406760|-0.110315|-0.047452|0.473569|-0.154179|0.455472|0.152636|0.152997|0.271596|-0.344993|-0.031070|-0.466586|-0.313008|-0.181531|-0.444683|-0.244650|0.158528|0.384328|0.100009|-0.358104|0.275123|-0.230956|-0.178940|0.244322|-0.447375|0.327548|0.322277|0.187154|-0.039858|0.356235|-0.475281|0.139669|-0.113675|0.428691|-0.037665|0.094691|0.260374|-0.172577|0.185613|-0.226551|-0.372673|0.433257|0.033095|-0.026777|-0.446927|0.432813|0.476142|-0.288396|0.117390|0.141171|-0.073966|0.313948|0.195425|0.097099|-0.313096|-0.009471|0.274699|-0.006819|-0.498007|0.351061|-0.071558|-0.140602|-0.085654|0.488795|-0.045817|-0.053885|0.109702|0.493058|-0.051567|0.148812|-0.196547|0.320937|-0.037822|-0.135373|-0.167268|0.380004|0.005604|0.289562|-0.320588|0.182467|0.157141|-0.133613|0.498960|-0.410888|-0.073861|0.263986|0.319898|0.323546|-0.108827|-0.494693|-0.040508|0.274610|-0.392596|-0.398073|0.267244|0.494643|-0.198544|0.329786|0.459239|0.123985|-0.250547|0.272255|-0.053417|-0.458389|-0.112445|-0.413995|0.261968|-0.386582|0.363563|0.005350|-0.052196|0.268476|0.219898|0.311551|0.374100|-0.204512|0.485093|0.389355|0.013183|-0.132700|0.206633|-0.060102|0.172371|0.336496|0.274642|-0.037037|-0.385253|-0.337509|0.128015|0.346953|0.032328|0.357221|-0.086442|-0.092093|0.094412|0.292426|-0.164335|0.021529|-0.135277|0.412558|-0.017620|-0.227021|0.022620|-0.048771|-0.385436|-0.348814|-0.175686|0.312424|-0.208945|0.371696|-0.288572|-0.251281|0.413472|0.212009|0.339079|0.335900|-0.020316|-0.270436|0.055439|-0.164300|0.287237|0.337844|-0.104623|-0.194316|0.427071|0.277828|0.187224|-0.142493|-0.317222|-0.148501|-0.077397|-0.028640|0.309282|0.461694|0.411961|-0.107908|0.468388|0.400975|-0.064277|-0.095590|-0.017870|0.021614|0.193411|0.472523|-0.337540|-0.015183|0.324205|0.484421|0.144400|0.313446|-0.358987|0.290109|0.217448|-0.490651|0.075531|-0.299106|-0.126720|-0.410859|-0.206566|0.023174|-0.237843|0.147508|0.265065|0.326404|-0.328876|0.415305|0.168943|-0.008809|-0.364587|-0.364035|0.120805|-0.284184|-0.467798|-0.040167|0.298435|-0.010595|0.304049|-0.171024|-0.197105|0.367376|-0.193915|-0.232877|0.077290|0.421194|0.155413|0.461964|0.256217|-0.173221|-0.173047|-0.348862|-0.237339|-0.364011|-0.336961|0.255868|0.188041|-0.009663|-0.461975|-0.045626|-0.089023|-0.000953|0.017817|0.255625|0.437133|0.229502|0.389834|0.416311|-0.278188|0.123469|0.073360|-0.482001|-0.351057|0.360040|0.492188|-0.355658|-0.281695|0.267515|-0.468120|0.310548|-0.378144|-0.283238|0.210441|-0.226858|-0.489530|-0.121910|0.423425|-0.063763|-0.297157|0.365248|-0.106955|-0.344763|0.326564|0.281509|-0.086191|0.421919|0.064622|-0.459030|-0.386826|-0.029854|-0.096559|-0.407827|0.057967|0.270267|-0.182600|-0.224784|0.260424|0.406881|-0.040581|0.302849|-0.458767|0.232329|0.426745|0.179486|-0.189194|0.146553|-0.333321|0.351699|0.432728|0.087480|-0.153765|0.485010|0.164849|-0.145809|0.229750|0.171168|0.014430|-0.096752|-0.210801|0.489851|0.156244|0.423131|0.102294|-0.171694|-0.346982|0.242667|0.088579|0.414145|0.488531|-0.273752|0.023596|0.160737|-0.163451|0.043125|0.042379|0.295858|-0.151782|-0.335079|-0.369971|0.445904|-0.202235|-0.482264|0.000979|-0.371120|-0.176586|-0.403753|-0.440065|-0.083123|-0.432931|-0.262336|-0.206468|-0.011489|-0.342054|-0.182633|0.256703|-0.056464|-0.295817|0.268990|-0.319509|-0.285338|0.128330|0.098096|-0.108032|0.172722|-0.135851|
-0.192109|-0.413813|0.399300|-0.391831|0.001627|-0.342144|-0.230968|-0.136482|-0.228675|0.311824|-0.378883|0.197494|-0.401494|0.211948|-0.285029|-0.247976|-0.231071|0.026357|-0.136768|-0.490634|-0.409048|0.274594|0.152460|-0.283131|-0.360558|0.264621|0.002635|0.362189|-0.316421|-0.134023|0.186149|-0.332639|0.459375|0.208901|0.011335|-0.009160|0.479427|-0.471628|-0.268709|-0.340370|0.336800|0.447816|-0.255077|-0.168273|0.170765|-0.369074|0.163051|0.307806|0.288427|-0.446319|-0.443249|-0.256091|0.240878|-0.148013|-0.006394|0.164820|0.002091|-0.365148|-0.052105|0.201019|-0.179535|0.461747|-0.146212|-0.203015|-0.244956|-0.052178|-0.166115|0.140946|-0.244022|0.201070|0.234399|-0.108074|0.425723|-0.265959|0.441343|0.097863|0.279085|-0.246418|0.185151|-0.133122|-0.466668|-0.152328|-0.415966|-0.029640|0.305174|-0.264204|0.095471|-0.465675|-0.433684|0.361149|0.051164|0.444167|-0.275256|0.329214|0.461037|0.090045|0.078753|0.120795|0.210600|0.140209|-0.021491|-0.227135|-0.115585|0.072003|0.184407|-0.026683|0.104282|-0.393836|-0.035278|-0.062988|-0.401691|-0.119452|-0.465470|0.102904|0.440526|-0.070581|-0.130058|0.000569|0.280827|0.222047|-0.232526|0.156843|0.010210|-0.014910|-0.128488|-0.133073|-0.278975|0.441536|-0.330787|0.227381|-0.163191|-0.425747|0.012710|-0.397591|0.305827|0.387926|-0.140245|-0.213209|-0.306245|-0.167362|0.174153|-0.234787|0.067777|0.328422|0.360223|0.248795|0.193317|0.397005|0.026641|-0.392140|0.227030|-0.300888|0.335308|0.465859|0.054213|0.380530|0.338715|0.318412|-0.019819|-0.400954|-0.480932|0.216436|0.175514|0.456033|-0.376418|-0.491448|0.400715|0.181922|0.323918|0.170790|-0.282657|-0.278843|-0.155451|0.306808|-0.187431|-0.232015|-0.472574|0.145133|0.244903|-0.013610|0.132400|-0.427590|-0.221206|-0.106420|0.484677|0.011089|-0.224372|-0.028571|-0.032155|-0.225040|-0.402925|-0.028180|-0.131260|0.254384|0.055584|0.340851|-0.223370|0.301355|0.222611|-0.333039|-0.344458|-0.437661|0.147458|0.055534|0.271114|0.090026|-0.028124|-0.287394|0.338321|0.451581|-0.312479|0.239944|0.193129|-0.302803|0.289167|0.395469|0.078153|-0.367499|0.303022|-0.221889|-0.219166|0.369959|-0.002746|-0.155327|0.070253|-0.233468|-0.102566|-0.158271|-0.058127|-0.129461|-0.245881|0.268153|-0.136301|0.244796|0.497785|0.378410|0.209111|0.351692|-0.067972|0.032671|0.226634|0.498698|0.465414|-0.216385|-0.099565|0.033380|0.150527|0.105470|0.263065|-0.489322|-0.090704|-0.070543|-0.427807|0.018295|-0.071260|-0.427054|-0.181268|-0.019430|-0.111667|0.427952|-0.442724|0.406201|-0.239730|0.208408|0.470534|0.070583|-0.208639|0.012397|0.268371|0.074603|-0.162230|-0.144932|-0.483227|-0.103505|-0.058026|0.217293|-0.445644|0.155508|-0.128407|0.465610|-0.023039|0.000031|0.140510|-0.280807|-0.485329|0.357825|-0.370350|0.181564|0.376350|0.399352|-0.197787|-0.458903|-0.353702|-0.024367|0.125431|0.201850|-0.369411|0.245129|0.015926|0.453525|-0.115472|-0.318932|0.170814|-0.222050|0.381682|0.150745|0.157369|-0.238521|0.070400|0.486027|-0.307619|0.183325|0.022817|0.298734|0.447430|-0.119162|0.297567|-0.272559|0.262456|-0.332097|-0.237797|0.059664|0.064229|-0.194294|-0.397838|-0.328528|-0.240168|-0.414762|0.229911|0.137082|0.314534|-0.474955|-0.158107|-0.169479|-0.042868|0.439133|-0.123932|-0.361919|-0.338256|0.115815|-0.383905|0.378752|-0.013088|-0.278503|0.227497|0.412426|-0.124204|0.178314|0.264083|-0.448815|0.321799|-0.399403|-0.373903|0.038103|0.100829|-0.430238|0.118826|0.014600|-0.026290|-0.271027|-0.072793|0.334566|-0.334195|0.465363|0.054546|0.244634|0.353342|-0.077248|-0.017980|0.014934|0.345782|-0.336734|-0.074368|-0.232859|0.227896|-0.226906|-0.181249|-0.486864|0.259084|0.265567|-0.065627|-0.089576|0.170245|-0.197474|-0.259235|-0.260523|0.497832|0.052650|-0.142242|0.479503|-0.158270|0.371446|0.089112|0.142952|0.008657|-0.007761|-0.060284|-0.190657|-0.173440|-0.150510|0.372621|0.398423|0.102092|0.107203|0.201302|-0.155696|-0.353889|0.306904|0.145427|0.431874|0.257555|0.263169|0.308370|-0.305469|-0.134669|-0.240076|0.052953|-0.422079|-0.437048|-0.461609|0.049189|-0.407622|-0.218279|0.265791|-0.258559|0.121663|0.046340|-0.248531|-0.135159|0.329178|0.046970|-0.231652|0.225766|0.489932|-0.469986|-0.114098|-0.378469|-0.463950|0.129460|-0.258840|-0.313345|0.210433|-0.255578|-0.295535|-0.362876|-0.276924|-0.259999|0.247322|0.196912|0.381619|0.077065|-0.441936|-0.151807|-0.367907|-0.219984|0.064877|-0.220620|0.073522|-0.466871|0.267016|-0.461830|0.031860|0.248732|0.419623|0.355204|-0.060024|-0.263597|0.247605|0.391759|-0.464620|0.143890|0.286972|0.447491|-0.098060|0.233609|0.304734|-0.010957|0.237084|0.297667|-0.152874|-0.222814|-0.229293|0.086050|0.253079|0.175277|-0.023807|0.263665|0.275231|-0.123708|0.130629|0.093801|0.354398|-0.059823|-0.290975|-0.438852|-0.311880|0.397815|0.301628|-0.452634|0.352222|-0.081760|0.299003|-0.340209|0.000630|0.390584|0.461021|0.186006|0.493974|-0.005588|-0.023810|0.330906|0.257166|-0.440512|0.349595|0.407585|-0.153969|0.233271|-0.184895|-0.037147|0.310405|-0.177935|0.429909|0.171574|-0.497601|0.357277|-0.009901|0.125014|0.159954|-0.173050|0.211563|0.274039|-0.300115|0.076724|0.385836|0.347040|-0.077240|0.063499|-0.304265|-0.190023|0.089116|0.257057|0.228503|0.463848|0.382460|0.003754|-0.252566|0.480215|0.090773|0.296281|-0.234258|0.011633|0.382872|-0.249691|0.288923|0.367075|0.019109|0.278108|-0.350752|0.177610|0.137688|-0.066467|0.198308|-0.177605|-0.206817|0.441465|-0.411257|0.318417|0.351904|-0.205180|0.154091|0.301605|0.394764|0.061385|0.215351|-0.240363|-0.373857|-0.465496|0.304711|-0.290207|0.188651|-0.090023|0.005480|0.210719|-0.108195|0.413583|-0.300527|-0.470454|0.454029|0.275627|0.454151|0.152318|-0.387478|-0.110619|0.478384|-0.384982|-0.332568|0.056966|0.439185|0.347796|-0.277950|0.014938|-0.300353|0.409115|-0.443295|0.433732|0.066820|-0.074931|0.057473|0.174918|-0.222454|-0.141748|-0.027892|-0.091115|-0.352996|-0.238087|-0.477886|0.141544|-0.289872|0.198636|0.026759|-0.203425|-0.157887|0.126892|0.020787|-0.077143|-0.353092|0.078638|0.101757|0.003780|0.141380|-0.127739|0.196397|0.160595|-0.164405|-0.357100|-0.457598|-0.226373|-0.297156|-0.300041|-0.188551|0.097769|-0.417600|-0.466334|-0.283851|0.026579|-0.233329|-0.329294|-0.036387|-0.344595|0.047322|0.311269|0.240718|0.326741|-0.349137|0.437243|-0.448475|0.396297|0.168776|0.439522|-0.342085|0.308539|0.055596|-0.105726|0.170437|0.420797|0.118033|-0.126968|-0.374230|0.140391|0.436864|-0.421517|-0.175084|-0.051626|0.329323|0.017307|0.131979|0.460873|-0.358135|0.268386|0.048370|-0.373249|-0.111074|-0.264779|-0.235289|-0.138838|-0.290476|0.075730|-0.270605|-0.092937|0.389186|0.048482|-0.300314|0.016497|-0.013631|0.283819|0.177105|0.379474|-0.185640|-0.500031|-0.464541|0.303613|-0.394046|0.119239|0.186946|-0.125501|-0.165491|-0.236760|0.189295|0.105050|-0.430901|-0.423523|0.367190|0.047820|0.211291|-0.095650|-0.353932|-0.440806|0.293737|0.124568|-0.216745|-0.433389|-0.069732|0.095062|0.088697|-0.220314|-0.019204|-0.491475|0.025662|0.335978|0.053317|0.431679|0.280616|-0.250808|-0.359106|-0.250001|-0.097269|-0.209979|-0.365837|0.315980|0.229958|0.420515|0.451673|-0.098126|-0.289071|-0.203724|0.298174|-0.211584|0.387652|0.266485|0.420580|0.251254|-0.354719|0.128814|0.064485|-0.016185|-0.232799|-0.445649|-0.000685|0.267959|-0.158310|0.437898|0.009150|-0.190753|0.379839|-0.060216|-0.372700|0.346169|-0.373481|0.073741|-0.424359|0.300944|-0.310375|0.230346|0.147991|-0.456328|0.103376|0.183254|0.357785|0.134890|-0.276518|0.406463|0.076534|-0.191291|0.177700|
-0.148901|0.268449|-0.471691|-0.166172|0.404420|-0.456807|0.186851|-0.216346|-0.498209|-0.317184|-0.106746|-0.034034|0.379820|0.402157|0.401550|0.308475|0.181450|-0.392909|0.490546|0.311339|-0.188766|-0.403225|-0.125378|0.222523|-0.197836|-0.355273|0.196772|0.417546|-0.272993|0.275908|0.076760|-0.371439|0.308419|-0.315368|0.003355|0.074919|0.041217|-0.405049|-0.388004|0.396550|-0.210199|-0.495545|0.310687|0.053893|0.190203|-0.054946|-0.042303|-0.182803|0.424055|-0.270804|-0.391866|0.170202|-0.150982|-0.120281|-0.306287|0.429120|0.057527|-0.308391|-0.114059|0.241159|-0.036930|-0.327637|0.060058|0.351075|0.010583|-0.448233|0.215518|0.219693|0.409050|0.098169|0.420398|-0.287549|-0.399559|0.248964|0.271475|-0.219197|-0.289542|0.352846|-0.149828|0.314080|0.056339|0.332742|0.260098|-0.021996|0.289585|-0.221391|-0.150465|-0.159037|-0.413829|0.056266|-0.200500|-0.104739|-0.422946|-0.276832|-0.494784|0.457704|0.330217|0.255453|0.024591|0.142090|-0.044037|0.049989|-0.047096|-0.025895|-0.016767|0.287513|-0.294801|-0.004475|-0.051045|-0.445976|-0.038303|-0.191046|0.029492|0.036199|0.062191|0.260400|-0.422100|-0.266162|-0.166820|0.312336|0.327298|-0.006306|-0.435014|-0.080721|-0.264499|0.423217|0.063946|0.280977|0.408186|-0.095409|-0.339427|-0.313844|-0.075268|-0.178706|0.168558|0.073137|-0.027383|-0.043397|0.197008|-0.110126|-0.266514|-0.130126|-0.005287|-0.187654|-0.185357|0.045089|-0.056131|0.461455|0.090903|-0.092592|-0.469951|0.047823|-0.492849|0.122208|-0.050899|0.180375|0.185367|0.163508|0.137723|0.448881|-0.192022|-0.334137|0.140461|0.226863|0.252094|0.465618|0.151886|-0.394653|-0.122013|-0.286313|-0.086295|-0.015289|-0.312370|0.119311|-0.172242|-0.226120|-0.437085|-0.322325|-0.477462|-0.389227|-0.204834|0.306222|0.334378|-0.014280|-0.337611|-0.103816|0.080349|0.128771|0.286244|0.089086|0.402409|0.340042|0.099756|-0.429314|-0.155170|-0.275162|-0.248648|-0.335325|0.321330|0.443009|0.430167|0.257657|0.287004|-0.182650|-0.168673|-0.190934|-0.032626|-0.018004|0.135256|0.291042|-0.058257|0.302517|0.360170|0.189557|-0.386636|-0.258812|-0.364544|-0.219144|0.167421|-0.048711|0.112444|0.034952|-0.195364|0.387626|-0.256992|-0.293494|-0.129406|-0.038677|0.041261|-0.026327|-0.381866|0.261128|0.414531|-0.010856|0.092655|0.127196|-0.209559|-0.240705|-0.037196|0.101806|0.145241|0.177342|-0.346845|0.246316|-0.341206|0.277593|0.005257|0.259212|0.140415|0.428988|0.334504|-0.253440|0.375798|0.175411|-0.469254|-0.486814|0.075046|0.088783|0.186725|0.277926|0.201224|0.264393|0.070102|0.067987|0.005606|-0.094641|-0.403324|0.359848|0.098600|-0.468588|0.324040|0.014974|-0.383566|0.214922|0.299675|-0.088630|-0.062706|0.162658|-0.186547|-0.481319|0.104082|0.415573|0.385678|0.371491|0.419099|-0.453622|0.137294|-0.315640|0.120740|-0.224566|-0.011662|0.093870|-0.279929|-0.201055|0.033004|0.120457|0.308816|-0.051262|-0.311440|0.152485|-0.114131|-0.241118|0.022388|0.346844|0.118643|0.476484|0.307933|-0.408173|0.299270|0.206098|-0.109328|0.429474|-0.387683|0.264916|-0.336306|-0.498365|0.031672|-0.153165|0.224340|0.081023|0.136642|0.234114|0.383710|0.091897|-0.456271|0.104766|0.362957|0.150914|0.241529|-0.203099|-0.013032|-0.180017|0.322967|-0.340913|-0.418057|0.313739|-0.260325|0.289212|0.463068|-0.271745|0.137338|0.484792|-0.134288|-0.078237|0.158411|0.117084|-0.170067|-0.002187|-0.465778|0.358427|-0.065894|0.025092|-0.227616|-0.268923|0.120461|0.149534|0.068012|-0.356127|-0.363684|0.434176|0.094620|-0.459612|-0.033571|-0.001421|-0.306522|0.112916|0.322505|0.317886|-0.015333|-0.499711|0.068095|0.069208|-0.331075|-0.151305|-0.176619|0.302393|-0.370672|-0.326588|0.463331|0.023493|-0.250771|-0.149662|-0.477630|-0.058464|-0.039697|-0.161847|-0.116164|-0.078550|-0.183751|0.478507|0.298201|-0.258425|0.485122|0.253808|-0.160570|0.324405|-0.454412|-0.281015|-0.379965|-0.096091|-0.080694|-0.047348|0.338652|-0.071247|-0.163684|0.156083|-0.394482|0.224557|0.437099|-0.476192|0.261697|-0.276939|-0.115601|0.331149|-0.287821|0.011627|-0.298681|-0.084856|0.296154|-0.385765|-0.425847|0.353195|-0.108238|0.159903|0.181143|0.437057|-0.146271|-0.150020|0.004041|0.160135|0.474218|0.093498|0.062177|0.239195|0.052479|-0.286471|-0.417689|-0.223561|0.249490|-0.012899|-0.083136|-0.085915|0.418668|0.181360|0.351079|-0.382011|-0.398115|0.062567|0.330288|0.409723|0.485534|-0.218001|0.196599|-0.287138|-0.086955|0.067162|0.101619|0.346460|-0.048935|-0.189637|-0.130550|-0.339397|0.122160|-0.301895|-0.454448|-0.441990|-0.465029|0.470613|-0.184258|0.412510|0.113662|-0.116941|-0.148815|-0.039672|-0.437948|0.316494|-0.316220|0.100492|0.450031|-0.015251|-0.387912|0.318819|0.296661|0.257739|0.070331|0.009039|-0.118128|-0.270099|0.203592|-0.365838|-0.092770|-0.085570|0.209000|0.316576|-0.350603|-0.243874|-0.147107|0.225330|0.259447|0.331322|0.163549|-0.035965|-0.138346|-0.494052|-0.237368|0.284010|0.418607|0.068641|-0.140511|-0.272597|-0.343363|0.099737|0.492973|-0.085390|-0.065757|-0.237596|-0.038077|0.305324|0.254338|-0.175772|0.368612|-0.190266|-0.275385|0.193901|0.413814|0.244184|-0.265520|-0.443695|0.463019|-0.032725|-0.269270|0.427514|-0.271585|0.493150|0.099491|-0.354367|0.284535|-0.401272|0.271763|0.493914|-0.068712|0.112945|-0.368642|-0.254526|-0.430520|0.036751|0.025119|-0.334080|0.150068|0.393372|0.478726|-0.026332|-0.179416|0.344226|0.212977|-0.111219|0.335395|0.213927|-0.414219|-0.054441|-0.385929|-0.352794|-0.007512|0.380567|-0.083404|-0.040024|0.383356|-0.316558|0.122709|0.340158|-0.008113|0.003183|0.212260|-0.488139|-0.469603|0.288454|0.011654|0.481711|0.425603|0.092164|0.181121|0.439156|0.026746|-0.145654|0.226058|0.491958|-0.323804|0.474513|0.241589|0.472075|-0.072136|0.423178|0.465102|0.453466|0.168579|-0.218727|-0.380049|-0.301468|0.405465|0.233025|-0.161167|-0.082937|-0.236344|-0.190906|0.058978|0.078254|0.090093|0.489347|0.049419|-0.121947|0.045228|0.422771|0.437029|0.492856|-0.366780|0.328136|0.450428|-0.022131|0.203981|-0.333614|-0.191129|0.345544|-0.183049|0.043514|-0.285734|-0.128231|-0.123347|0.252824|-0.010717|-0.045286|0.020096|0.287807|-0.190383|-0.334388|-0.016545|-0.189945|0.310811|-0.482689|-0.285337|0.382445|0.383890|0.038999|-0.050293|-0.010945|-0.141300|0.068401|0.049234|-0.184364|-0.122970|-0.300724|-0.463378|-0.282651|-0.312277|0.483494|0.058939|0.173649|-0.165944|-0.246628|-0.320133|-0.040251|0.222178|0.022234|-0.199654|-0.136874|-0.171777|-0.190458|0.222569|-0.449129|0.296554|0.102151|0.390321|-0.483550|-0.190260|0.174271|-0.164190|0.256615|-0.410259|0.076303|0.427809|0.138322|0.020125|0.300420|0.121084|0.158650|0.166437|0.246385|-0.262584|0.045121|-0.042137|0.169795|-0.193243|-0.176041|-0.174318|-0.385473|0.343762|-0.031708|0.289571|0.179902|-0.189489|-0.308904|0.433817|-0.211039|0.029550|-0.103213|-0.157253|-0.169092|-0.485420|-0.360633|0.163280|-0.302569|-0.047906|0.253221|0.218776|0.126822|0.433655|0.141913|0.428307|-0.484731|0.280145|-0.479599|-0.154543|0.255779|-0.449679|0.468867|0.040483|-0.185565|-0.443339|-0.015413|0.356574|-0.071336|-0.258697|-0.173878|0.334887|-0.200315|-0.473482|0.443194|0.189278|-0.262603|-0.402745|0.484843|0.122679|0.286212|-0.147428|-0.013127|-0.489203|-0.054193|-0.226955|0.079043|0.311078|-0.441217|0.058765|-0.168820|-0.228524|-0.061353|0.280990|0.004407|-0.043745|0.065594|0.203250|-0.216571|-0.208691|-0.377719|-0.377600|-0.320034|-0.481087|0.046730|0.186140|-0.475550|-0.350472|0.331568|0.037833|0.235211|0.375757|-0.118645|-0.158414|-0.393325|0.212952|-0.386402|-0.484545|-0.406330|0.164531|0.064459|-0.137431|0.425786|
0.371220|-0.446127|0.440848|0.328005|0.351159|-0.029187|0.374840|0.256654|-0.068466|-0.262153|-0.029073|-0.057025|-0.218641|0.232130|-0.147715|0.399025|0.395088|0.049235|-0.121279|0.382852|-0.046511|0.434891|-0.092134|-0.325549|-0.395185|-0.060778|-0.257138|-0.362495|0.322560|-0.128006|0.257537|-0.059036|0.336542|-0.299011|0.395244|0.111210|0.489719|-0.497631|-0.030345|-0.179677|0.403514|0.495105|0.204198|-0.381158|-0.308910|-0.365734|-0.218985|-0.064516|0.112542|0.041052|-0.126598|0.436727|0.227464|-0.388275|-0.341357|0.441073|0.471281|-0.207875|0.435647|0.140933|-0.413859|-0.102451|-0.463419|-0.223338|-0.292223|0.427877|-0.282120|0.112484|0.469425|-0.385827|0.042549|0.458150|0.443236|-0.031056|0.045408|-0.200041|-0.454687|-0.013377|0.080070|-0.486322|-0.427132|-0.171127|-0.439919|-0.247355|0.488175|0.075560|-0.111651|-0.374610|0.413711|-0.209067|-0.422656|-0.474225|0.181445|-0.071513|0.023881|0.488186|0.092855|-0.388208|0.273673|-0.173340|0.487839|-0.260342|0.120976|-0.273126|-0.125985|-0.042314|-0.435181|-0.492769|-0.264615|0.185854|0.261313|0.000393|-0.096220|0.171672|0.052457|-0.484211|-0.435677|0.183733|0.487111|-0.153084|-0.044414|0.219777|-0.346431|-0.495654|-0.441644|0.261839|0.091759|0.393163|-0.193816|0.088159|-0.277362|0.486823|-0.078512|-0.335071|-0.073792|-0.351758|-0.199450|-0.251598|-0.481483|0.173565|0.230019|-0.387924|-0.419947|0.021386|0.422657|-0.433078|0.464770|0.072722|-0.481020|-0.175022|0.151535|-0.422829|-0.237934|0.221154|-0.167699|0.120591|0.395919|0.426391|-0.009768|0.115673|-0.080443|0.183402|0.095526|0.118211|-0.154766|-0.370519|-0.027899|-0.246825|-0.453520|0.029956|0.066928|0.053684|-0.406853|0.357215|0.262405|0.465722|0.358368|-0.319515|-0.180924|0.066582|-0.376563|-0.004778|-0.433149|-0.069277|0.220762|0.160509|-0.329923|-0.470307|-0.235894|0.022315|0.427600|0.023728|-0.305537|0.476598|-0.422746|0.446527|-0.267154|0.367803|0.275809|-0.128495|-0.113787|-0.070468|-0.418641|-0.402828|0.006437|0.123665|0.029986|0.102264|0.035943|-0.489463|-0.364698|0.107185|-0.418125|0.311329|-0.439130|-0.315137|0.255993|-0.334900|0.474223|0.415256|-0.266131|0.082051|-0.367372|-0.073119|0.447368|0.490032|0.327456|0.263437|-0.271330|0.358910|-0.158857|-0.036611|0.182148|-0.243227|0.416834|-0.442990|-0.083111|0.080869|-0.329372|-0.000761|0.338650|0.274532|-0.158572|-0.219173|0.052221|-0.325786|-0.489544|-0.177608|-0.152064|0.200707|-0.397601|0.492660|0.174251|0.389680|0.282255|-0.419981|-0.066803|0.012396|-0.448233|0.483756|0.028974|0.417419|-0.118382|0.395788|0.297406|-0.125102|-0.205814|-0.279819|-0.276851|-0.123388|0.245071|-0.450824|0.062405|0.123225|0.251452|0.435474|0.258546|-0.361651|0.490559|-0.228266|0.464005|0.247310|0.095954|-0.408461|-0.490516|-0.160887|-0.341247|-0.396037|-0.187034|0.405252|0.330079|-0.399060|0.271872|0.177386|-0.078817|0.262206|0.107592|-0.047248|0.154220|-0.416653|0.268216|-0.257490|0.261497|0.269226|-0.085231|-0.431841|0.389805|0.138458|0.209628|-0.140397|0.055561|0.401665|-0.285658|0.316113|-0.154500|0.449470|-0.341558|0.452280|0.070462|0.469011|0.137089|-0.379883|-0.312472|-0.226686|0.159729|0.407994|0.041935|-0.325789|-0.127370|0.190305|0.175302|-0.255668|0.115945|0.310647|0.124511|0.298827|-0.296901|-0.347855|0.015209|0.129525|0.461833|-0.065367|0.423234|-0.459970|0.378635|0.301344|0.351491|0.333229|0.228681|-0.422426|-0.288442|0.338881|0.429258|-0.259264|0.301143|0.177988|0.363017|0.431955|0.435743|0.079040|0.029922|-0.107791|0.031109|-0.231572|-0.224050|0.258803|0.006848|-0.032039|-0.474203|0.338044|0.186442|-0.358165|0.429684|-0.053559|-0.355230|0.107842|0.373221|0.403928|0.125061|0.421310|-0.165131|0.127600|0.015646|-0.424432|-0.340197|0.136130|-0.429456|0.479292|0.413881|0.119210|0.095421|-0.085317|-0.220896|-0.376214|-0.308959|0.327110|0.192479|0.474795|-0.029619|-0.007085|-0.149985|-0.228808|-0.308694|0.263438|0.321362|0.196342|-0.011705|-0.368006|0.375548|0.345616|0.014009|-0.288027|0.286604|0.337438|0.292370|0.159237|0.114341|0.063965|-0.421278|0.199311|-0.416278|-0.041041|-0.066230|-0.240373|0.160211|0.246205|-0.361145|0.181211|-0.263454|0.246297|0.446935|0.066953|-0.136026|-0.453883|0.035804|-0.414926|0.008006|0.366220|0.235371|-0.451903|0.404563|0.456098|-0.049663|0.101136|-0.262803|0.236736|-0.393329|0.276759|0.486524|-0.337114|0.472494|0.185156|-0.245181|0.103299|-0.059000|-0.234434|-0.259346|-0.110501|-0.211165|-0.193336|-0.192641|-0.164859|-0.490819|0.046990|0.050914|0.160503|0.140361|0.318503|-0.137542|0.156289|0.089260|-0.460093|0.046972|0.416207|0.324635|0.013628|0.495172|0.292942|-0.104306|-0.281808|0.091510|0.411090|0.426346|0.014553|-0.105961|0.444923|-0.438884|-0.216005|0.375300|-0.267858|0.054905|0.062855|0.266903|0.329050|0.198105|-0.228930|0.095667|0.365984|-0.153998|-0.326186|-0.091682|-0.365166|-0.015246|0.426482|0.226588|-0.161013|-0.357054|-0.210076|0.208476|0.248360|-0.457734|0.384854|0.023303|0.098976|-0.417658|0.341006|-0.301522|-0.417450|-0.214279|-0.303251|0.259920|0.283995|0.143532|-0.082552|-0.173302|-0.038699|0.408509|-0.454309|-0.435675|-0.484396|0.087273|0.216998|-0.496712|-0.125600|-0.229669|-0.118990|0.185806|0.407911|0.398259|0.462597|-0.222577|-0.057973|-0.299926|-0.166848|0.443219|-0.380116|-0.134727|0.022149|-0.085219|0.179410|-0.482346|0.100291|-0.081308|-0.353892|-0.342864|0.118924|-0.323965|0.003623|0.498185|-0.157760|0.433042|0.478196|0.471600|0.061072|0.400704|-0.024712|-0.290669|0.295950|-0.094809|0.048471|0.035577|-0.177151|0.265175|-0.473887|-0.336202|-0.373266|-0.318107|-0.386922|-0.175779|-0.227091|0.297364|0.303658|0.429889|0.352678|-0.261044|-0.306374|0.062255|-0.028062|-0.093930|0.030262|-0.422403|0.259621|-0.233984|-0.181137|-0.228911|0.380840|-0.053283|0.468807|-0.022233|-0.118381|-0.242726|-0.344062|0.310502|-0.273346|-0.274501|-0.278795|0.451134|0.046707|-0.008865|-0.074862|0.453901|0.360255|-0.432863|0.116478|0.409851|-0.344385|0.118348|0.152651|0.435158|-0.377422|0.017735|-0.192293|-0.400716|0.063295|-0.173390|-0.380645|-0.084531|0.245357|-0.033896|-0.453432|-0.487233|0.217180|-0.332246|0.053021|-0.363915|-0.163200|-0.101171|0.479066|-0.197926|-0.347204|-0.149077|0.003546|-0.399995|0.071500|0.409850|-0.212200|0.348405|-0.127250|0.378361|0.118683|-0.255372|0.005584|-0.195984|0.294911|-0.390812|0.139177|0.021104|-0.069933|0.160907|0.080397|-0.168930|0.222475|0.358233|0.185338|-0.443725|-0.448771|0.318802|-0.152191|-0.322757|-0.037852|-0.204093|-0.379726|0.146256|0.453893|-0.460462|0.064402|-0.247800|0.478508|0.213277|-0.350271|0.445875|0.287332|-0.119770|0.292672|0.265497|0.377025|-0.065995|0.278318|-0.451975|0.167038|0.174686|-0.119704|0.080144|-0.165327|0.204079|-0.461740|-0.219694|0.171441|0.155128|-0.426744|-0.033942|-0.482030|0.215635|0.203079|-0.048458|0.461482|-0.116209|-0.055844|-0.015215|0.042867|0.255511|0.255457|-0.277582|-0.429323|0.494064|-0.112683|0.340713|-0.398491|0.231445|-0.443208|0.012777|0.447449|-0.474753|-0.433111|0.197184|-0.364144|-0.107508|-0.252526|0.144451|0.331132|0.341893|-0.406178|0.095567|-0.444054|0.006130|0.314189|-0.070175|-0.267549|0.179188|0.393700|-0.479558|0.087193|0.451057|0.439301|-0.404583|-0.424370|0.425231|-0.065373|-0.000404|-0.397058|-0.027881|-0.104364|-0.397800|0.373869|-0.432355|0.287175|0.446220|0.134744|-0.097532|0.363669|0.221286|0.284708|-0.079543|-0.054038|-0.281077|-0.259823|-0.063939|0.114070|0.424103|-0.181721|0.138343|0.489818|0.355500|-0.007787|-0.180406|0.085838|-0.389119|-0.212529|0.427923|0.242237|0.113861|-0.014052|-0.162437|0.428919|
-0.366673|0.328692|0.270404|-0.338074|-0.057642|0.485745|-0.379926|0.334214|-0.353951|0.068362|0.052539|0.435228|0.069319|-0.345191|-0.003785|0.484039|0.121102|-0.074731|-0.241795|0.058485|-0.030443|0.157331|-0.394165|-0.348354|0.047191|0.438955|0.107332|-0.198707|-0.073676|0.003365|0.008592|0.039238|0.216795|-0.350253|-0.152223|0.191730|0.374628|0.139538|-0.279011|-0.338023|-0.193569|-0.231886|-0.351587|-0.173192|-0.125065|-0.250260|0.354082|0.442013|-0.430666|-0.010942|0.169180|0.284847|-0.385836|-0.211402|-0.279045|0.276429|0.160617|-0.424192|-0.080940|0.493027|-0.244006|0.102563|-0.060170|0.194435|-0.208420|0.224440|0.041640|0.068801|-0.026166|-0.186471|0.203800|0.006075|-0.031757|-0.307837|0.384519|-0.433252|-0.175615|0.053433|0.230350|0.353387|0.113286|-0.138767|-0.343214|0.299116|0.365138|-0.011676|0.083528|0.109768|-0.045393|0.486482|-0.035151|-0.264926|-0.197934|0.354966|0.142459|-0.481491|-0.397387|0.108960|-0.196570|0.251976|-0.247838|0.099505|-0.127770|0.311635|-0.194639|0.200170|0.478205|0.063758|0.029428|-0.055871|-0.166423|-0.433714|0.295726|-0.396820|-0.155756|-0.398971|0.422369|0.016327|0.345127|-0.094244|-0.245437|-0.496263|0.465739|-0.295191|0.024990|-0.128818|-0.220703|0.203292|0.260936|0.120509|0.142969|0.162387|0.235327|-0.410789|-0.272706|-0.447166|0.285859|-0.065071|-0.005808|0.080927|0.192572|0.438679|-0.202233|0.440470|0.440251|-0.229845|0.115952|0.463904|-0.008683|0.180488|0.245896|0.023976|-0.013272|-0.457084|0.316162|0.101567|-0.329099|-0.061112|-0.123951|-0.474615|0.009269|-0.167923|-0.404947|0.139417|0.219058|0.126714|-0.254163|0.311292|-0.204079|0.423867|-0.236205|0.251085|0.411451|-0.139534|-0.094307|-0.374822|0.289737|0.110761|0.103158|0.166761|0.451362|0.138878|-0.097886|0.388686|-0.448588|0.441697|0.496338|-0.368114|0.137891|-0.195378|-0.138839|0.494116|-0.203711|-0.221938|0.249936|0.317337|-0.146190|0.247808|0.455428|-0.465264|0.431331|-0.066177|-0.466397|0.484998|0.352362|0.187088|0.478200|0.336158|-0.131810|0.053727|0.223347|0.250364|0.328315|0.304265|0.370928|0.206684|0.138993|-0.182665|0.058990|-0.056812|-0.244965|0.285193|0.231024|0.426626|0.202826|0.193358|-0.155224|-0.168266|-0.230693|-0.366046|-0.017306|0.126968|0.204733|-0.291925|0.179818|-0.364933|0.125827|0.408586|0.348801|-0.386576|0.397145|-0.002180|0.303947|-0.441970|0.241794|0.314138|-0.297277|0.279660|0.273502|-0.166949|0.257144|-0.369925|-0.325481|0.010882|-0.397037|0.462598|-0.399037|0.060565|0.321423|-0.059760|-0.391070|0.389844|0.289130|0.125713|-0.147965|-0.033746|-0.411348|0.387180|-0.437560|0.294666|0.060802|0.231563|0.261759|-0.054414|-0.495645|-0.159506|0.305787|0.090961|-0.369952|-0.396132|-0.032552|0.271692|0.104486|0.466474|0.110601|0.449341|-0.360973|-0.479431|-0.465010|-0.496798|0.115065|0.446234|0.476260|0.076456|-0.102812|-0.120878|0.051656|0.007218|-0.376600|-0.093840|-0.461337|-0.235670|-0.060995|0.020435|0.143158|-0.080050|-0.427953|-0.170453|-0.039848|0.124432|0.401981|-0.457100|-0.421645|0.200376|-0.338314|-0.303133|-0.357044|-0.323200|0.420782|-0.379932|0.332548|0.028559|-0.298798|-0.074294|-0.210425|-0.055329|0.419444|0.493115|-0.228241|0.311205|-0.312864|0.215323|-0.482824|0.074834|-0.426998|0.249706|-0.499497|0.436832|-0.135177|0.267939|0.131285|0.008257|-0.051296|0.156090|0.150620|0.452345|-0.245684|-0.020456|0.115458|0.384299|0.050363|-0.321945|-0.162462|-0.123133|0.029970|-0.189618|-0.080118|-0.307500|-0.163296|-0.339095|-0.137074|-0.086418|0.195677|-0.142478|-0.414444|-0.487038|-0.370735|-0.318472|0.488844|0.482871|0.371560|-0.498709|-0.387960|-0.091058|0.157480|0.219435|-0.036587|0.120871|0.132192|0.169382|-0.440670|-0.168369|-0.494955|0.430057|0.256386|-0.184980|-0.342391|-0.311246|-0.071719|0.458774|-0.244461|-0.009416|-0.315566|-0.442464|0.287735|0.115998|0.130733|-0.363571|-0.480980|-0.175734|-0.157032|-0.108696|0.452007|0.378295|0.392501|-0.392365|0.467360|0.003133|-0.366381|-0.436236|0.133034|0.108716|-0.177645|-0.093521|-0.348091|-0.402663|-0.154698|0.237137|0.177221|0.102283|0.127794|0.291572|-0.134630|-0.275324|0.175184|0.381263|-0.293469|0.497655|0.003672|0.010364|0.283495|-0.485377|0.172675|0.056858|-0.106034|-0.068003|0.157314|-0.378897|-0.362557|-0.392643|0.422000|0.258505|-0.351037|-0.339460|0.087438|0.324190|-0.022893|-0.016033|0.303466|0.158261|0.063472|-0.279167|-0.179404|0.317158|0.034805|-0.331854|0.220357|0.339066|-0.226241|-0.343508|-0.173017|0.338501|-0.443932|-0.245260|0.364362|0.486942|0.287273|-0.091937|0.032096|0.353859|-0.493678|-0.056765|0.036731|-0.058173|-0.219505|0.220856|-0.186438|-0.249403|0.292721|-0.360048|0.172763|-0.011217|-0.322557|0.164052|0.101517|0.490641|-0.342393|0.220056|-0.062685|0.414530|-0.030994|-0.413555|0.494978|0.271777|0.327934|-0.482947|0.095861|-0.427361|0.143014|0.218186|0.264220|0.472795|0.068008|0.135363|-0.124778|0.387387|-0.087523|-0.167156|0.137242|0.265998|0.039266|0.005409|-0.398352|0.234343|-0.069208|0.444910|0.315520|-0.343982|0.161236|0.392860|0.107682|-0.373446|-0.068623|0.286276|0.000751|0.407489|0.451692|-0.378764|-0.264564|0.257231|0.338262|-0.284613|-0.336117|0.102719|0.350213|0.297045|0.333712|0.076628|0.495667|-0.003089|0.155199|0.190984|-0.258845|-0.175629|0.203711|0.080469|0.423319|0.210542|-0.338562|0.287775|0.426306|0.062174|-0.232063|-0.110812|-0.214254|0.165196|0.435209|0.268136|0.353533|-0.358801|-0.068399|-0.459569|-0.244679|-0.228738|0.412948|0.149698|0.219004|-0.172925|0.004035|-0.050075|-0.293321|-0.056881|-0.403155|-0.461918|-0.475304|-0.347861|-0.301815|0.431328|-0.108368|0.301675|0.234174|0.278364|0.008064|-0.304556|0.343397|-0.447925|-0.231611|-0.352457|-0.162236|-0.074028|-0.441729|0.142667|-0.033138|0.237889|-0.119080|-0.013819|0.327938|0.319909|-0.205603|-0.309260|0.492589|0.081149|-0.333728|-0.287473|0.244177|0.293417|0.150544|0.278653|0.126027|0.324227|0.349360|0.397219|-0.137326|-0.492853|-0.171063|0.138478|0.051278|-0.134374|-0.183133|-0.320707|-0.268382|-0.035425|-0.355488|0.328380|0.022024|0.210086|0.405131|0.220996|0.419132|-0.113379|0.338249|0.242848|0.173305|-0.447282|-0.189370|0.095399|-0.090313|0.039618|0.098761|-0.209512|0.399731|-0.264916|-0.115523|0.219582|0.126467|0.338053|-0.419558|0.251300|-0.496247|0.420015|0.189546|-0.140683|-0.428733|0.156344|-0.258843|0.346333|-0.494590|-0.192122|-0.039402|0.087954|-0.030579|-0.364032|0.225319|-0.107113|0.279007|-0.196652|-0.070784|-0.323092|-0.040920|-0.215440|-0.244389|0.286949|0.244164|0.449479|-0.336549|0.085760|-0.499618|0.206236|-0.479439|0.026852|0.340003|0.038630|-0.318929|-0.447981|0.241365|-0.497830|-0.158793|-0.393600|0.341045|0.167481|0.096483|0.366701|-0.308910|0.366572|-0.136153|-0.488338|0.083438|-0.147496|-0.219842|0.206783|-0.041375|-0.320907|-0.414820|0.204799|-0.409893|-0.462440|0.214755|0.150749|0.488820|0.013233|0.061240|-0.089965|-0.196689|-0.033274|0.126741|-0.283282|-0.446809|-0.319012|-0.034828|-0.115345|0.297941|-0.013055|-0.392276|0.036031|-0.195184|0.047568|0.205592|0.161401|-0.271647|0.300673|0.076013|0.111631|-0.408942|-0.265311|0.345538|-0.041351|0.296129|0.448329|-0.254217|0.462386|0.099681|0.345351|-0.077710|0.298094|-0.252734|0.237409|-0.116276|0.463172|0.191603|-0.144907|-0.249265|-0.251892|-0.399184|0.460003|0.085897|-0.359047|-0.378120|-0.213625|0.214062|0.476318|-0.159748|-0.127295|-0.469567|0.164445|0.360136|0.073158|-0.435010|-0.133406|-0.490311|0.189598|0.224932|0.007790|-0.131424|0.137696|0.399058|-0.404525|-0.497267|-0.056492|0.245655|0.010837|0.334269|-0.181346|0.422453|-0.336469|
0.227390|0.359053|-0.338148|-0.337264|0.175039|-0.294667|-0.370575|-0.230386|-0.377919|-0.482754|0.039517|-0.465457|-0.067433|0.337593|-0.028920|0.463494|-0.322124|-0.408659|0.111855|-0.263184|0.069651|0.155473|0.344392|-0.119933|-0.091791|-0.203417|-0.255822|0.356717|0.334555|-0.422584|-0.496700|0.132142|-0.182773|0.224086|-0.279635|0.224882|0.389177|0.286863|0.486705|0.036170|0.010829|-0.333528|-0.382837|0.322052|0.338660|0.271905|0.332684|0.066989|0.278245|-0.328682|-0.322334|-0.340542|-0.481592|-0.335224|-0.191908|-0.282068|0.278696|0.468251|-0.453227|0.317182|0.382345|-0.334395|0.316268|-0.046147|0.450596|0.246384|-0.492820|-0.055786|-0.049270|-0.332990|-0.105723|0.026025|0.304284|-0.244918|-0.260229|-0.026982|-0.404914|0.419703|0.174756|-0.132289|-0.213101|0.186339|-0.126402|0.339452|0.446585|-0.422061|-0.285111|0.329503|0.169915|-0.333750|0.254213|-0.118152|0.041949|-0.041711|-0.192676|0.312711|-0.027282|0.274004|0.127243|-0.248911|0.259439|-0.197989|0.205103|-0.426354|0.355509|0.099194|0.010600|-0.304266|-0.072671|0.117951|0.491333|0.253291|0.363284|0.102699|-0.141868|0.363795|-0.077742|-0.165019|-0.244395|-0.171281|0.172468|0.399494|-0.180410|-0.076943|-0.298654|-0.371868|-0.410897|-0.347674|-0.312363|-0.391963|0.421576|0.306731|-0.432255|0.483725|-0.096076|0.162387|0.199950|0.009475|-0.016941|0.324995|0.227885|0.451009|-0.312535|-0.248794|0.112462|-0.014389|-0.115833|-0.268343|-0.293104|-0.128646|0.021540|-0.271516|0.253258|-0.353606|0.436041|0.223502|0.001745|-0.234710|0.308836|-0.112020|0.184122|-0.308657|-0.350212|-0.441002|0.347182|0.105070|-0.128964|0.232152|0.124030|-0.474816|0.209807|-0.091242|-0.048522|-0.129552|-0.260744|0.134393|-0.031350|-0.197106|0.312448|0.221707|0.398534|-0.026807|0.285951|-0.375191|0.064718|-0.214915|0.131972|0.070679|0.282677|0.221067|0.040358|-0.355278|0.460952|-0.435164|0.141212|0.002992|-0.498507|0.482218|-0.324724|0.190953|0.385647|0.292445|0.218372|0.251211|-0.134945|-0.205811|-0.180061|-0.330713|0.113665|0.127409|0.310148|-0.143540|0.083732|-0.059865|0.441894|-0.454332|-0.493406|0.487750|-0.193532|0.268678|-0.328521|0.478185|0.059712|0.172860|0.474214|-0.366687|-0.426479|-0.345218|0.386085|0.305456|-0.112518|0.395122|-0.102600|-0.383713|-0.202410|0.335473|0.470472|-0.105425|-0.411153|0.010608|-0.005744|0.290979|-0.449486|-0.255649|0.462956|0.335839|-0.252822|0.073477|0.343184|0.208694|0.108042|0.079646|0.133105|0.305648|-0.294600|0.024203|0.178061|0.051433|0.287732|-0.161465|0.022846|-0.295168|0.179240|-0.041960|-0.205054|-0.468718|-0.051073|-0.173682|0.187464|0.418804|0.386696|-0.190144|0.177451|-0.053299|0.061591|0.357112|-0.058305|-0.496802|-0.380721|0.109680|0.234298|-0.480392|-0.146740|0.143317|0.023637|-0.487096|-0.252061|-0.366254|0.259966|-0.203799|0.023536|0.097281|0.335346|-0.254610|0.009480|-0.302872|-0.293785|0.328071|0.240431|-0.340082|0.009485|0.165258|0.061207|-0.388670|-0.442306|-0.003035|-0.048869|0.011815|0.371484|-0.464187|0.350921|0.054002|-0.485651|0.307868|-0.257909|0.202053|0.193515|0.043858|0.367501|0.258027|0.057637|0.354393|0.216473|-0.379329|-0.254855|-0.469314|-0.347256|-0.404204|0.161188|-0.209768|0.258888|-0.368650|-0.489847|0.374461|-0.400846|-0.111392|-0.187185|0.039057|0.463711|-0.334772|-0.497801|0.252769|0.497034|0.430056|-0.392810|-0.226751|0.480757|-0.049638|-0.211251|-0.161817|-0.450224|-0.090397|0.322962|-0.090654|0.458214|-0.473384|-0.401803|-0.045530|0.056360|-0.373162|0.431367|-0.298665|0.329398|0.412205|0.389247|0.470530|0.408244|0.331031|0.113981|-0.318134|0.056984|0.052124|-0.459480|-0.149979|-0.064517|-0.288603|0.286991|0.393030|-0.073058|-0.355438|0.381629|-0.480072|-0.418109|0.273357|-0.034526|-0.231663|-0.359733|0.236516|-0.026096|-0.332692|-0.273479|-0.299612|-0.259207|-0.255475|0.024046|0.382123|0.333371|0.335032|0.250812|0.040383|-0.061640|0.276953|-0.318318|0.320119|-0.211494|0.034561|0.498216|0.332389|0.404667|0.027150|0.395506|-0.212984|-0.482440|-0.060008|0.034579|0.418152|-0.146725|0.012528|-0.358506|0.351411|0.251506|-0.044388|-0.480229|-0.048310|-0.453351|-0.338131|-0.471037|-0.268708|0.210609|0.157826|-0.022064|-0.396092|-0.154289|0.253858|-0.274797|0.270436|-0.023682|0.208476|-0.093158|0.108243|0.054349|0.021484|0.340715|-0.060089|-0.499917|-0.221429|0.189365|-0.113202|-0.192437|-0.106142|0.289216|0.440475|-0.239714|-0.066089|0.233808|-0.115512|-0.363520|-0.485339|-0.328536|-0.350529|0.143252|-0.182862|0.449184|-0.463352|-0.398337|-0.187206|0.399377|0.457599|-0.396903|-0.179344|-0.354198|-0.263038|-0.142445|0.403611|0.098820|-0.241642|-0.035567|-0.178494|-0.236194|0.235559|0.405025|0.458986|-0.030362|-0.253264|0.247989|-0.326693|0.483584|-0.279264|0.361378|0.354396|0.344717|-0.170867|-0.321819|0.403196|-0.355434|-0.471907|-0.318957|0.242599|-0.144584|0.404069|-0.193402|-0.317743|-0.374085|0.478785|0.330826|-0.080440|-0.205958|-0.043759|0.272181|0.060462|0.294092|-0.134052|0.032454|0.420235|0.036086|0.496942|0.392893|0.250413|0.070030|-0.019582|0.030024|-0.297231|0.332488|0.320647|-0.154593|0.030676|0.235339|0.463902|0.414747|0.088547|-0.033792|0.184787|-0.433136|-0.291276|0.263584|0.248562|0.134960|0.395985|0.105691|0.070758|-0.072832|-0.389931|0.286773|0.436674|-0.189149|0.361337|-0.270955|0.246605|0.073598|0.104126|-0.359623|-0.238344|-0.252911|-0.093401|0.480962|0.278017|-0.378820|-0.120838|-0.478944|-0.286239|0.467811|-0.211387|0.424304|0.421213|0.172131|0.231452|0.296519|0.333355|-0.158072|-0.332553|0.496135|0.453321|0.419154|-0.044805|-0.372543|0.326752|0.036564|-0.365935|-0.375997|0.023708|-0.427148|0.240931|-0.239035|-0.367244|-0.265844|-0.312564|-0.480268|-0.473272|-0.489815|-0.380176|0.265844|-0.150634|-0.476412|0.096348|-0.364344|-0.480625|0.001082|0.184924|0.233618|0.053150|0.133444|0.108018|-0.243540|0.390459|0.225464|0.290995|-0.165627|0.282869|-0.299992|-0.343249|-0.328698|0.247045|0.286439|0.390125|-0.003900|0.335489|-0.220426|-0.383445|-0.244525|0.032228|0.125953|-0.474948|0.048782|-0.491697|-0.141011|-0.299641|0.398893|-0.036875|-0.105370|-0.324076|-0.060556|-0.325357|-0.351920|0.408675|-0.343136|-0.137123|-0.378515|0.112755|0.124397|-0.077889|-0.017300|0.329537|-0.150356|0.224344|0.243385|-0.211809|-0.324084|-0.346095|-0.042319|0.450785|-0.459520|-0.362530|0.377424|-0.157035|0.130394|-0.169818|0.075402|-0.400106|-0.314584|0.267766|-0.317174|-0.389762|0.269813|-0.000861|-0.446412|0.202474|0.001619|-0.145738|-0.274061|0.279227|-0.150390|-0.198781|0.065563|-0.038568|-0.419811|0.206310|-0.246601|-0.337731|0.428247|-0.155386|0.040733|-0.172682|-0.038866|-0.302674|0.347553|0.298449|0.478831|0.047339|0.299107|0.276232|-0.352155|0.491482|0.422208|0.481270|-0.464978|-0.164966|-0.346367|0.191778|0.394162|0.043812|-0.285810|0.495959|0.488390|0.076095|-0.071858|-0.464079|-0.395262|-0.323022|-0.121914|0.348232|-0.059046|-0.233505|-0.219943|-0.463103|-0.262996|-0.391321|0.055098|-0.267963|0.333460|-0.298488|0.310830|-0.359365|0.348472|-0.043977|0.148419|0.350678|-0.138307|-0.467630|0.062382|-0.409719|-0.030129|-0.372989|-0.088885|0.411531|-0.382373|-0.322067|0.034868|0.196097|0.393425|0.433213|0.368503|0.248638|0.452293|-0.167736|-0.066864|-0.256049|0.020435|-0.183425|-0.304996|-0.477844|-0.249422|0.186483|0.022422|0.186967|0.382022|-0.035374|-0.457632|0.206763|0.325343|0.070017|-0.494414|-0.401187|-0.037139|0.052880|-0.450468|-0.288639|0.046469|0.097799|-0.285294|-0.301649|0.047729|-0.074984|0.100901|0.389356|0.210370|0.244579|0.112219|-0.290718|-0.481600|0.037390|-0.089600|-0.424489|-0.302947|-0.255345|
0.128381|0.457083|0.168374|0.187194|-0.486853|0.133686|0.050016|0.462124|0.061095|0.007597|0.093140|-0.039647|0.321009|0.266806|0.284986|0.236751|-0.133701|0.012861|0.056732|0.474328|-0.434520|-0.328158|0.477651|0.330057|0.449344|0.319425|0.151208|-0.065775|-0.433125|-0.271153|0.092230|0.018517|0.339978|0.333268|-0.287413|-0.164589|-0.289864|0.227302|-0.141142|-0.392789|0.390247|0.031303|-0.284945|-0.214659|-0.191714|0.456351|-0.380256|-0.292542|-0.054648|-0.391833|-0.348220|-0.391822|0.405266|-0.228681|-0.322814|-0.394015|-0.220490|0.010194|0.214479|0.109321|-0.366949|-0.285132|0.419041|-0.057617|-0.475904|-0.118219|-0.331498|-0.141107|0.476633|0.058415|0.493306|-0.374813|-0.162454|0.495002|-0.150239|0.055110|-0.214791|0.459766|0.175289|0.433513|0.247760|0.196720|-0.152884|0.439119|-0.138090|-0.084851|-0.164930|-0.296535|-0.371333|-0.379497|0.247289|-0.307945|-0.064316|0.310362|-0.434143|-0.053497|0.400204|0.424528|-0.253580|-0.399308|0.115105|-0.009230|-0.119556|0.028915|-0.420857|0.031357|0.420436|0.106532|0.246116|0.381720|-0.311221|-0.381520|-0.104750|-0.074900|-0.084187|0.118560|-0.077509|0.047564|-0.090603|0.181925|0.211217|-0.451479|0.326105|0.403907|-0.121949|-0.314999|0.293203|-0.478607|-0.104671|0.240526|-0.089697|-0.405113|-0.156912|0.471684|-0.006023|-0.368009|0.204596|0.410911|0.218599|-0.316829|-0.286808|0.437185|0.307972|-0.027572|-0.389848|-0.181843|0.077259|-0.441641|-0.096743|0.056744|0.358565|-0.051341|0.283740|0.449772|-0.414305|0.267121|0.332094|0.150027|0.492038|0.381023|-0.271570|-0.428580|-0.220330|0.309576|-0.004920|-0.311463|-0.180587|0.358374|-0.082369|-0.237777|-0.309009|0.078901|0.302983|-0.233997|-0.286091|-0.163804|-0.402266|0.314988|0.287860|0.369610|0.436019|-0.282937|0.465521|0.404052|0.006846|0.285451|0.234856|-0.185162|0.396115|-0.406969|0.210298|-0.255183|0.234880|-0.378622|-0.461663|-0.488507|0.374145|-0.129119|0.277335|-0.146244|0.061513|-0.379491|0.467085|0.389696|-0.275063|-0.124996|0.395174|0.396586|0.356019|-0.320040|0.249104|-0.265270|0.392160|-0.332074|0.144735|0.125132|0.197921|-0.289197|0.480846|0.403035|0.040363|-0.149245|-0.195778|-0.094819|0.007144|0.162956|0.301701|0.396780|-0.197784|-0.486283|-0.272661|-0.231045|-0.430241|-0.347976|-0.185632|-0.326567|0.214616|-0.083521|-0.358764|0.393950|0.427632|-0.214724|0.335821|-0.428057|0.102816|-0.081354|0.473442|-0.341739|0.095137|-0.225794|0.445686|0.201458|-0.217621|-0.030588|-0.084607|0.385701|0.138626|-0.463373|0.229954|0.035315|-0.183162|-0.243914|0.404597|-0.399246|-0.023217|0.333074|0.089266|-0.248403|0.172212|0.203066|-0.067329|0.468116|-0.050800|0.433181|-0.071068|-0.117796|-0.179839|0.495486|-0.067640|-0.224962|-0.416631|-0.142925|-0.169715|-0.388819|-0.137227|0.482458|0.182516|-0.383006|0.061038|-0.460871|0.090178|-0.102725|-0.204456|-0.225197|-0.243336|-0.492270|-0.382792|0.150017|0.360572|0.411555|0.008746|-0.097472|-0.228989|-0.065487|0.476001|-0.320486|0.447605|-0.364471|-0.339181|0.371480|-0.072922|0.437510|-0.434712|-0.129859|-0.140052|0.257436|-0.099338|0.154462|-0.235889|0.013004|0.004725|0.378280|0.245301|-0.372157|-0.123664|-0.471201|0.287216|-0.294966|0.025476|0.286204|-0.163478|0.034596|-0.125145|0.442019|0.134752|0.173376|-0.197658|0.040842|0.328049|-0.331395|0.425567|0.099884|0.425480|0.292847|0.375797|0.231530|0.458815|-0.393387|0.209573|0.028071|0.000443|-0.322800|0.479171|0.150476|0.124241|-0.412530|0.321333|0.458674|-0.466033|-0.466464|-0.413690|0.019075|-0.037466|-0.030179|-0.394536|0.171123|-0.103874|-0.061478|0.434069|0.169103|-0.199555|-0.176277|-0.013293|0.498605|-0.314594|0.457980|-0.191171|-0.384550|-0.087816|0.314473|0.261932|0.272282|-0.102645|-0.404424|-0.258278|-0.090484|0.036048|-0.252341|-0.445827|-0.144250|-0.430590|0.082076|0.005741|-0.175709|-0.068134|-0.428334|-0.283447|0.356947|-0.196226|-0.172031|-0.399134|0.311615|0.129783|0.040507|-0.496830|0.016587|0.276933|0.166687|0.373885|0.178126|-0.081243|0.239203|0.182139|-0.375517|0.309959|-0.400741|-0.351055|-0.017859|-0.067919|-0.288077|-0.274647|-0.189494|-0.314637|0.215325|0.180014|-0.302074|-0.314473|0.343103|-0.234462|0.477618|0.157568|-0.275195|0.341941|-0.349945|0.381541|0.338958|0.233233|0.136681|-0.288284|0.256601|-0.188565|0.064370|-0.495287|-0.377353|-0.422061|-0.323327|-0.393139|-0.444564|0.176025|0.049821|-0.219807|-0.420849|-0.455859|0.043881|0.201321|0.199512|0.474488|0.274014|-0.074658|-0.178648|-0.021150|-0.015362|0.152461|0.364155|0.000126|0.197178|0.242076|-0.368651|-0.238137|0.113916|0.192388|-0.139406|0.192798|-0.346808|-0.317710|-0.082661|0.094126|-0.448564|0.360263|0.039835|0.355452|0.146785|0.331507|-0.026324|0.363800|-0.308218|0.309218|-0.042585|0.358993|-0.047013|-0.083606|-0.082638|0.111741|-0.341696|0.376423|-0.325597|0.240302|0.394146|0.027068|0.416436|0.263761|-0.461071|0.291471|-0.391143|0.352638|-0.182093|0.473909|0.209620|-0.497346|-0.295263|0.314583|-0.054548|-0.182481|0.465048|0.114909|0.261353|0.234673|-0.420399|-0.321276|0.447273|-0.169930|-0.235466|-0.326308|0.120354|-0.340745|-0.217984|-0.246062|0.076389|0.299690|0.479532|0.002138|-0.194338|-0.030371|-0.440680|-0.162671|0.089869|-0.050473|0.156609|0.033354|0.358717|0.383251|-0.487078|0.127379|-0.056642|0.230129|-0.443305|0.176259|-0.116380|0.143961|-0.073850|0.091378|-0.295457|0.059100|-0.092206|-0.095750|-0.474452|-0.342961|-0.218318|-0.380504|0.221533|0.454234|-0.307908|0.439546|0.349820|0.325144|-0.103364|0.381598|0.027538|-0.298156|-0.118038|0.377641|-0.009567|0.261447|0.479571|-0.416912|0.082065|-0.190513|0.439967|0.360848|-0.092963|0.421396|-0.172605|-0.497237|0.093631|0.000010|-0.173529|0.296542|0.159505|-0.074062|0.057126|-0.412082|0.379582|-0.468004|0.168364|-0.205190|-0.022678|0.082510|0.488318|0.478985|-0.433321|0.491029|0.209224|-0.055918|0.334808|-0.017975|-0.388270|0.176627|-0.162270|0.325539|-0.291963|-0.346059|-0.482963|-0.261430|-0.136347|0.196422|-0.454128|-0.385416|-0.011724|-0.285132|-0.260731|0.273345|0.340070|0.225370|0.088481|0.375529|-0.372206|0.274595|0.445853|-0.134867|0.009830|-0.092468|0.393240|0.107264|0.227731|-0.215806|-0.254496|0.055722|-0.158027|-0.076410|0.265582|0.475451|0.425787|0.082836|-0.098831|-0.240369|-0.487719|0.091922|0.161073|-0.445655|0.272655|0.202408|-0.043533|-0.155384|0.432500|0.486732|0.482262|-0.348414|0.260337|-0.263660|0.180323|0.016515|-0.009730|-0.458912|0.295605|0.326116|0.050396|0.372497|-0.449610|0.178995|0.316543|0.021980|0.399635|0.496002|-0.244751|0.105232|-0.474036|-0.167575|0.184853|0.466705|-0.187972|0.374151|-0.368025|0.420992|-0.379982|-0.273338|-0.425617|-0.218419|0.076791|-0.473118|-0.285596|-0.026181|-0.343445|0.228096|-0.173737|0.126423|-0.480334|-0.184537|-0.493390|0.308897|0.265170|-0.139643|0.061919|0.429962|0.199174|-0.060035|0.037609|0.311966|-0.019890|0.089548|0.219871|-0.366377|0.103714|0.163397|-0.162804|-0.225848|-0.075754|-0.422204|-0.289734|-0.213330|-0.211044|-0.153630|-0.350906|0.336211|-0.292342|0.045793|0.092016|-0.458953|-0.401712|-0.493720|0.363639|-0.095589|-0.315761|-0.434530|-0.317011|0.417278|0.225752|0.047478|-0.089591|-0.285919|0.089823|0.413892|0.020430|0.319592|0.187971|-0.452212|-0.092028|-0.141505|0.178706|-0.479836|-0.080349|0.167257|-0.082074|-0.147086|0.060489|0.090204|-0.025721|0.328378|-0.400494|-0.055028|0.070568|0.046762|-0.145143|-0.073840|0.044893|0.181905|0.293178|-0.014288|0.325551|-0.029297|0.416210|0.353183|-0.311697|-0.096639|0.417361|0.420627|-0.024674|0.321386|-0.467815|0.040277|0.451654|0.132398|-0.476525|0.248100|-0.495434|
-0.470975|-0.428661|-0.101136|-0.380913|-0.389189|0.173019|-0.366700|-0.032021|0.196143|0.030564|-0.386294|-0.057103|-0.337462|0.115241|-0.182698|0.250922|-0.093839|-0.337906|0.124586|-0.428572|-0.473633|0.131737|-0.328611|-0.176438|0.024924|0.269095|0.056755|-0.379202|-0.422389|0.437669|0.075547|0.268165|-0.190896|0.168343|-0.312198|0.025044|-0.412820|0.474915|-0.068887|0.389268|0.165309|-0.124655|-0.461325|0.358126|0.090014|0.035107|-0.337557|0.398439|-0.310793|0.196645|-0.385384|0.393098|-0.233974|-0.103142|-0.373701|-0.452175|0.337883|-0.318127|0.198649|0.003300|0.470552|-0.288037|0.072927|0.409349|-0.289413|-0.333212|0.065725|0.450571|0.142355|0.172442|0.180448|-0.435495|-0.038425|-0.182624|-0.277859|-0.438174|0.174275|-0.391328|-0.484357|0.313238|-0.211344|-0.205172|0.404624|-0.004086|-0.287666|-0.072477|0.445517|-0.475003|0.289646|-0.310085|0.093495|-0.144444|-0.450633|-0.452967|-0.421841|0.328886|-0.331518|-0.444525|-0.296345|0.176526|-0.001411|0.200205|0.487358|-0.197571|0.185816|-0.270905|-0.442508|-0.404741|-0.050035|-0.449238|-0.420224|0.448089|0.484584|-0.278261|0.239472|0.026106|-0.161834|-0.365129|-0.232374|0.453328|0.163973|0.185674|0.177036|-0.246588|-0.148806|-0.224812|0.157397|0.388341|0.054108|0.141871|-0.461700|-0.097084|-0.354359|-0.315891|0.070396|-0.475469|-0.219996|0.067088|-0.301126|-0.008076|-0.088780|-0.378100|0.010897|0.377592|0.248235|0.242596|0.226116|-0.217926|-0.431277|0.238994|-0.350746|-0.419179|-0.154629|-0.008347|0.099983|0.051421|-0.243329|-0.293916|-0.291896|0.175373|0.001304|-0.286902|-0.176520|0.210834|0.498798|-0.063640|0.241065|0.499976|0.115385|0.282292|0.181364|-0.486755|-0.397545|0.439380|-0.291312|-0.108807|-0.496206|0.447104|0.200992|-0.018150|0.239299|0.008565|-0.161785|-0.394169|-0.482992|0.345824|0.003146|0.417299|-0.127255|0.119458|-0.242726|-0.412855|-0.493342|0.022949|-0.015038|0.438863|-0.107847|0.259308|0.329538|-0.094418|0.208670|0.287583|0.095217|-0.394392|0.319571|0.076907|-0.296782|-0.288757|-0.236553|-0.049604|0.079445|0.430402|0.077498|-0.460926|0.263162|0.374684|-0.216351|0.442387|-0.243078|0.154001|-0.264107|0.188241|-0.228457|-0.222463|-0.492966|-0.401476|0.351904|0.494675|-0.428982|-0.469256|0.285059|0.140834|0.432164|-0.022878|0.249661|-0.212825|0.440276|-0.417901|0.063494|0.029980|-0.461540|-0.108150|0.231658|-0.156614|0.077605|0.386071|0.305505|-0.301728|0.246950|-0.008682|-0.147579|-0.095579|-0.379763|-0.287629|-0.114692|-0.068023|0.016368|-0.053723|-0.039781|-0.022962|0.338965|-0.074758|-0.393954|0.381878|-0.243287|0.067090|0.065510|0.220329|0.151787|-0.453655|-0.266908|-0.065291|-0.305550|-0.086278|-0.046499|-0.226379|-0.265271|0.473175|-0.049648|-0.400503|0.399836|-0.453242|0.187823|-0.176484|0.440897|-0.439467|0.001970|-0.496803|0.217588|-0.379722|-0.323819|0.485442|0.066520|0.473813|0.192807|0.154000|0.308401|0.015030|-0.259313|-0.443743|0.399255|-0.324095|0.447698|0.422910|0.414180|0.354473|-0.451809|0.009204|-0.092253|0.259951|-0.437210|0.414370|0.005442|0.137896|-0.272895|0.067138|0.003009|0.434341|-0.178473|0.274612|-0.403261|-0.458356|0.206005|-0.195936|-0.465048|0.072589|-0.204139|-0.478004|-0.441000|-0.483736|0.212560|0.001475|-0.146299|-0.390568|-0.052026|0.191841|0.135308|0.110260|0.167114|-0.191269|-0.040654|0.176874|-0.125677|-0.243974|0.076256|0.245349|-0.369805|-0.288844|0.074351|0.490990|-0.239984|0.206206|0.338060|0.054146|0.009219|0.460936|-0.455851|-0.220004|-0.342023|-0.380482|-0.103090|-0.052865|0.282051|0.376661|0.048214|-0.017093|-0.265337|0.352585|-0.115017|-0.078593|0.305635|0.170401|-0.087475|0.232705|-0.355669|0.218183|0.148900|0.078932|0.441104|0.284915|-0.028427|-0.353838|0.266983|0.202345|-0.346294|-0.089439|-0.100651|0.098288|0.464338|-0.293558|-0.190180|0.346443|-0.246058|0.139710|-0.206591|0.440222|-0.437388|-0.291891|-0.264420|-0.318780|0.146783|0.219313|-0.446983|0.190053|0.022365|0.148223|0.470612|-0.480197|0.410610|0.230510|0.006925|-0.213152|0.241076|-0.354353|0.334065|-0.278162|-0.344730|0.336405|0.326274|-0.415468|-0.439995|-0.496375|0.090723|0.035182|0.360510|0.096551|0.386550|-0.304414|0.189221|-0.146511|-0.450956|0.492252|-0.169733|0.281687|-0.264084|0.082061|0.038867|0.460073|0.370694|0.244056|-0.366265|0.015124|-0.039590|0.224923|0.092166|0.446851|0.055188|0.160783|0.410435|0.213806|-0.260424|0.270733|0.100820|0.396340|0.078895|0.211976|-0.078314|0.038585|-0.251736|0.430522|0.252339|-0.340133|0.034934|0.239396|0.016840|0.351114|-0.212547|-0.394704|-0.225836|0.485200|-0.231795|-0.442829|-0.270875|0.302428|0.473427|0.374183|-0.004035|0.168049|-0.113072|-0.308532|0.033103|-0.471305|-0.467026|-0.189083|-0.066918|-0.035626|-0.478538|0.411893|-0.253408|-0.127996|-0.171935|0.039497|-0.088548|-0.310781|-0.060230|-0.324548|-0.027744|-0.252987|-0.116717|0.112299|-0.208693|0.389250|-0.168071|0.174452|-0.333213|0.496339|-0.234805|0.150831|0.111227|-0.024305|0.042000|0.210226|0.416289|-0.320147|0.248366|0.410013|-0.069512|0.417430|-0.104025|0.472526|0.286487|-0.426092|0.261542|-0.449096|0.174415|0.027814|-0.389086|-0.096781|-0.010607|-0.166361|0.138113|-0.304920|0.166113|0.408473|-0.180079|0.356444|-0.328878|-0.333422|-0.054730|-0.346403|-0.311367|0.049782|-0.375515|-0.162629|-0.168832|-0.476094|0.153523|0.267312|0.337776|-0.328526|0.070331|0.488388|0.359237|0.093652|0.344855|-0.427000|-0.160500|0.293725|-0.489262|-0.076954|0.051181|0.262048|-0.290367|-0.036568|0.352574|-0.000402|0.044227|0.223790|-0.114290|0.477540|-0.091396|0.325161|0.474565|0.028594|0.286220|-0.368212|-0.218648|0.013473|0.201082|0.241605|0.095004|-0.314616|-0.070534|0.022844|0.346277|0.145823|0.268517|-0.025868|-0.365609|-0.414438|-0.015712|-0.300129|0.054858|0.117548|-0.087009|-0.345379|-0.377170|-0.202688|0.376985|-0.320863|0.471654|0.147908|-0.342622|0.421829|-0.311773|0.128194|-0.367452|0.390362|-0.197327|-0.338024|0.174919|-0.394724|0.016788|-0.475642|0.067585|-0.497791|-0.252215|-0.088419|-0.068471|0.167648|-0.053436|0.203922|0.417932|0.168525|-0.252524|-0.201352|0.280738|0.348868|0.193807|-0.167447|-0.296540|-0.247244|-0.419195|0.445926|0.417873|-0.176891|0.193900|0.285141|-0.345497|0.132481|-0.176505|-0.499160|-0.139995|0.145447|-0.290613|-0.260694|-0.159855|0.263653|0.095649|0.081061|0.243979|-0.367940|0.273765|-0.387098|0.085842|0.278902|0.492161|-0.209840|0.112146|-0.151747|0.205776|0.316305|-0.258149|0.383174|0.320109|-0.401032|-0.244527|0.227444|-0.168321|-0.164948|0.434685|0.103572|-0.233775|0.349195|-0.340477|0.341079|0.105538|0.232125|-0.147003|-0.288283|0.306725|0.350674|-0.444763|-0.315991|0.162378|-0.377791|0.067874|-0.319211|-0.377355|-0.255709|0.123381|-0.418880|0.165052|-0.476730|-0.407950|-0.161970|-0.290062|-0.127753|0.095701|0.213473|-0.232399|0.444342|-0.054385|-0.233204|-0.480017|0.236648|-0.345261|-0.311623|0.300794|0.493351|-0.349198|-0.370079|-0.063053|-0.429546|-0.209837|0.053939|-0.172565|0.105326|0.043091|0.095045|-0.415306|0.275985|-0.045827|0.185203|-0.358891|0.255308|-0.248536|-0.246504|-0.230521|0.399040|0.082371|-0.024652|-0.004616|-0.081158|0.411028|0.141657|0.213414|0.174089|0.293275|-0.127190|0.313776|-0.064813|-0.163794|-0.181450|-0.433050|-0.074529|-0.068365|-0.128733|-0.449819|-0.466118|-0.229023|0.167837|0.268155|-0.121989|0.438890|0.201520|0.212160|0.260730|0.042519|-0.424097|0.285297|0.443345|0.077248|-0.480644|-0.213629|-0.381875|0.246961|-0.340161|-0.004511|0.015237|-0.304285|-0.075920|-0.278167|0.326073|-0.197504|-0.487087|0.423439|0.418914|0.067121|0.043102|-0.125374|-0.229613|0.054930|-0.312916|
-0.492195|0.483461|-0.309333|-0.266134|-0.426308|-0.175790|-0.259974|0.442423|-0.244828|-0.014984|-0.264543|0.064904|0.046068|-0.219715|0.133412|0.078530|-0.005024|0.342061|-0.482191|-0.101298|-0.305970|0.226694|0.370555|-0.488401|0.079388|0.119935|0.268892|0.125602|-0.108900|-0.301996|-0.419300|0.069600|0.392563|-0.007960|0.029291|-0.106953|-0.423100|-0.188172|-0.426154|0.011046|0.441899|-0.444304|0.282430|-0.302645|0.377284|0.129980|-0.077408|-0.398010|0.440496|-0.430436|-0.133332|0.355898|-0.367186|-0.442336|0.073909|0.114581|0.404784|-0.484134|0.384445|0.498844|0.080784|0.168695|0.286642|0.165638|0.023444|0.155654|-0.282272|0.110964|-0.483590|-0.382463|-0.463410|-0.301575|-0.015319|-0.180464|0.201239|0.290288|-0.182965|0.481335|-0.151174|-0.023821|-0.197668|-0.000633|0.162046|-0.365928|0.350998|0.073642|-0.072988|-0.243184|0.115328|-0.308857|0.043813|0.071718|-0.364596|0.313805|-0.143351|0.359703|0.050838|0.102852|0.295681|-0.193480|0.463058|0.478501|-0.296353|0.273805|0.342828|0.401584|-0.303749|-0.075336|-0.015382|0.213007|-0.058911|0.303844|0.442850|0.050577|-0.157395|-0.414577|-0.338325|0.361033|0.093728|-0.036454|0.440055|0.352783|0.483459|-0.391373|0.378220|-0.118618|-0.059853|-0.072636|0.344969|0.496314|-0.024359|-0.051441|-0.393993|-0.113397|0.049528|0.346459|-0.229841|0.033819|0.262860|-0.108120|0.426583|-0.057244|0.098634|-0.126945|-0.376686|-0.136842|-0.367638|0.474213|0.432843|0.153259|0.090057|0.467273|0.402305|-0.272991|-0.218799|-0.285055|-0.398477|0.316505|-0.434585|0.093972|0.392169|0.366659|0.151059|-0.227938|-0.329428|-0.184186|-0.130366|-0.331688|-0.135082|-0.475016|-0.174860|-0.309001|-0.367203|-0.116352|-0.158329|0.073733|0.177169|0.193918|0.316037|0.168606|0.099320|0.454837|0.025040|0.133164|0.402727|-0.109290|0.148888|-0.083589|-0.214235|0.138309|0.413069|0.264146|-0.281864|-0.348109|0.147670|-0.474260|-0.013679|0.420947|0.067378|-0.049790|0.215149|-0.302009|-0.073080|0.038671|0.460075|-0.100400|-0.360695|0.245989|0.316673|0.338442|-0.426615|0.306647|-0.337033|-0.129672|0.019186|-0.415463|0.269704|0.362382|0.090073|0.211022|-0.071639|0.132146|0.295428|-0.139076|-0.254341|-0.089248|-0.419492|-0.246741|0.237949|0.300091|-0.041671|0.425696|-0.317739|0.256924|-0.270454|-0.187613|0.219923|0.181540|-0.471086|0.092498|-0.442459|-0.179249|-0.411236|0.135990|0.194491|-0.320898|0.324738|-0.040497|0.148654|0.406931|-0.145166|-0.429195|0.485394|-0.290062|-0.174414|0.236523|-0.436674|0.483366|-0.196094|0.284619|0.482862|0.181668|0.018000|0.383076|-0.099218|0.412950|0.205434|0.393202|-0.247236|0.138923|0.038273|-0.144009|0.410391|0.381257|0.255996|-0.229210|0.395158|-0.223219|-0.146156|0.082692|-0.315481|-0.381026|-0.246955|0.190024|-0.288584|-0.163623|-0.311357|-0.305915|-0.238267|-0.200804|-0.259082|0.217353|-0.488683|-0.269378|-0.424207|-0.329265|0.398812|-0.018139|0.048622|0.174738|0.250020|0.221362|-0.039583|-0.212809|-0.494646|-0.080163|-0.134853|-0.133875|0.419581|0.044923|-0.241382|-0.186096|-0.422902|0.222197|0.247381|-0.160204|0.420420|-0.389203|-0.129697|0.192162|0.378955|0.128796|0.313004|-0.337894|0.450943|-0.165456|-0.312514|0.168175|0.456892|-0.187930|0.317838|-0.352436|0.222679|-0.124098|-0.047280|-0.002096|0.260652|-0.269239|0.098982|0.275450|0.169277|-0.438536|-0.043694|0.106857|-0.018686|0.029077|0.056807|-0.304495|-0.081264|0.049131|0.123918|-0.099616|-0.417232|-0.384658|0.296065|0.080553|0.107259|-0.084752|0.100467|-0.093207|-0.410699|-0.179190|-0.273782|-0.140750|0.171120|0.347013|-0.043590|-0.186110|0.348601|-0.465593|0.441933|0.473497|0.346094|-0.479639|0.347829|0.443923|0.431130|0.111021|-0.424361|0.223291|0.322547|0.304657|0.053340|0.419395|-0.267587|0.470637|-0.206072|-0.352969|0.373215|0.265558|-0.309270|-0.093299|0.050435|-0.409211|0.277940|0.021786|-0.373263|0.275210|0.313391|0.248458|0.173879|0.458112|0.328286|0.039253|-0.158670|-0.275579|0.020378|-0.019591|0.375094|0.046767|0.305993|-0.482598|0.024440|0.226796|-0.224390|-0.436246|-0.312698|0.234327|-0.203366|0.187687|0.077571|0.039935|-0.420357|-0.044818|0.137323|0.197003|0.389438|0.327808|0.097114|0.353368|-0.332882|-0.042642|-0.105293|0.246062|0.055430|0.052084|0.212197|-0.209499|0.445668|0.068274|-0.075002|-0.234505|0.474410|0.454995|-0.039547|-0.496547|-0.218633|-0.166514|0.362540|-0.445569|0.199441|0.154071|-0.000302|-0.295519|-0.165426|-0.219226|0.215334|0.226595|0.093108|0.188014|0.391476|-0.252381|0.201481|-0.303527|0.136554|-0.447853|-0.083863|0.308633|-0.109493|-0.074091|-0.080081|-0.277886|0.125723|0.460746|0.327790|-0.439368|-0.062348|-0.304519|0.259561|-0.096602|-0.208255|-0.349755|-0.497469|-0.224779|0.280774|-0.015966|-0.083508|0.184937|0.382672|0.266122|-0.408861|0.200966|0.006060|-0.057493|0.055808|-0.282898|0.120708|0.417946|0.327637|-0.348953|0.189841|0.294515|-0.082960|0.367853|-0.337452|-0.406196|-0.039381|-0.047631|-0.462832|-0.288916|-0.094890|0.341433|-0.425736|0.130271|-0.047799|-0.323379|0.141091|0.160258|-0.499653|-0.102322|0.425812|-0.324891|0.118765|0.394344|-0.393157|0.081475|-0.090281|-0.008318|-0.474380|0.491725|0.455419|-0.481756|0.204772|-0.096402|-0.070510|0.156828|0.454671|0.252218|0.276605|0.237128|0.372228|-0.236544|0.475196|-0.013755|-0.064875|-0.301502|0.060007|0.270304|-0.273086|-0.128769|0.477959|-0.067064|0.317373|-0.105059|0.340161|-0.128369|0.465971|-0.047902|-0.139646|-0.492717|0.478339|0.211450|-0.024723|0.183052|0.381555|-0.305326|0.148883|-0.167256|0.385947|0.391029|-0.118365|0.430651|-0.172452|-0.219854|-0.398187|-0.144863|-0.177426|-0.234358|-0.094742|-0.462916|0.273889|-0.017509|0.355936|-0.181894|0.163486|0.210144|0.365808|0.172350|0.278491|0.093746|0.400026|-0.065282|0.007667|0.296010|0.190309|0.136718|0.413863|0.339334|0.356239|0.350253|0.010219|0.286945|-0.272096|0.038157|0.382741|0.212723|0.022557|-0.088982|-0.167490|-0.452934|-0.026074|0.408973|-0.038843|0.495200|-0.487315|0.359644|0.346948|-0.381446|0.003050|0.443600|-0.442727|0.192492|0.495141|0.212019|-0.223289|0.368674|-0.353841|0.261564|-0.324843|-0.475418|-0.366959|0.006987|-0.148561|-0.338670|-0.262375|-0.191240|-0.460688|0.435817|-0.181751|-0.292797|0.137002|-0.038183|0.172936|0.224981|-0.396820|0.433428|-0.114900|-0.106993|0.297723|0.214335|0.135978|0.218380|0.121219|-0.025159|-0.096025|-0.057100|-0.338892|0.378661|-0.322471|-0.442123|0.294928|-0.041553|-0.024456|-0.184600|-0.204603|0.085606|-0.178436|-0.046934|-0.018792|0.006468|0.181082|0.136064|0.000038|-0.435207|-0.153787|0.055304|-0.087133|-0.496707|0.033740|-0.423306|0.393685|0.038990|-0.232184|-0.452043|0.402742|0.482410|0.141172|0.169512|-0.133060|0.456980|-0.229552|-0.264268|0.045423|-0.437775|0.199866|-0.141904|-0.254525|-0.470400|-0.396109|0.415850|0.309682|0.209222|-0.244218|0.020227|0.373708|-0.197333|-0.375330|0.413576|0.032786|-0.463430|-0.258292|-0.240194|-0.069179|-0.333220|0.173903|-0.320916|0.345140|0.285856|-0.339301|0.306641|-0.146285|0.235475|0.432960|-0.268198|-0.397619|0.035671|0.002591|0.287467|0.313636|-0.156434|0.239140|-0.474158|0.493437|-0.113171|0.112961|0.096725|-0.054144|-0.162285|0.106799|0.107262|0.161740|-0.378590|0.266020|0.267402|0.269222|0.062381|0.087188|0.241851|0.126434|-0.106781|-0.199448|0.220159|0.293189|-0.145406|0.149967|0.342427|0.481050|-0.091925|0.037294|-0.169462|0.047901|-0.325488|-0.252024|-0.003956|0.126593|-0.269470|0.332656|0.215740|0.461465|-0.142012|-0.456988|0.440047|0.296412|-0.186766|0.432000|0.070449|0.414507|-0.278012|0.441630|-0.043905|0.477310|0.118402|0.071468|0.014832|
0.182162|0.329815|0.176425|0.170901|-0.295940|0.367797|0.123954|-0.213420|0.301367|-0.049734|0.348556|0.445613|-0.443296|-0.168053|-0.168707|-0.482724|0.499952|-0.408370|-0.448055|0.316626|-0.416469|0.070787|-0.328077|0.056994|0.320139|0.331265|-0.269159|-0.445594|0.336014|0.354695|0.483576|0.216767|0.420924|-0.096886|-0.394609|0.327692|0.239619|-0.379459|-0.064157|-0.080875|0.464140|-0.457604|-0.342996|-0.158912|-0.409234|-0.346243|0.497097|0.337508|0.368084|-0.289704|-0.407496|-0.322030|-0.227825|-0.372543|-0.189755|-0.336106|0.353664|-0.374980|0.119509|0.125433|-0.482258|-0.286042|0.000066|-0.388682|0.310929|-0.452389|0.192031|-0.485367|-0.305592|-0.330575|-0.490232|-0.257225|-0.125813|-0.306522|0.334512|0.374715|0.486587|0.250193|0.492552|0.415076|-0.403173|-0.326861|0.149693|-0.061269|-0.475800|0.049466|-0.313686|0.277353|0.055907|-0.122454|-0.137272|-0.116691|0.479550|-0.117868|-0.298691|-0.239645|-0.243099|0.284279|0.297304|0.203590|-0.089163|0.297340|-0.156455|0.007459|-0.217159|-0.194787|0.263331|0.008183|0.442567|-0.193416|0.173635|0.331725|0.336584|-0.270811|-0.141108|-0.330633|0.265217|0.133107|0.071134|0.043019|-0.195006|0.012118|0.266217|0.256747|-0.138359|-0.206240|0.171611|-0.097037|0.335637|-0.331949|-0.244656|-0.408727|0.318778|-0.079707|0.100029|0.018638|-0.245807|0.257438|0.488979|0.217212|0.476286|-0.170702|0.234740|0.415369|0.208845|0.191271|0.200625|-0.078430|0.035687|0.031027|0.291612|-0.397878|-0.125963|0.417285|0.488243|0.494372|-0.386459|0.365217|-0.406218|0.197750|-0.206054|0.165494|-0.328099|0.176297|-0.353812|-0.039352|-0.009891|-0.325688|0.287496|-0.069235|0.056094|0.104069|-0.371818|-0.042939|-0.153242|0.219896|-0.060526|-0.111209|-0.034767|0.063731|0.252296|0.385909|0.065084|0.359131|-0.467869|-0.081140|0.137805|0.205770|0.045105|0.009544|0.496126|0.383188|0.147998|0.385573|-0.243403|-0.336492|0.022037|-0.103156|-0.236201|-0.225155|-0.371052|0.070776|0.182291|-0.412256|0.152013|0.413831|0.355482|-0.203582|0.495565|0.426190|0.066023|-0.426582|0.465790|0.474818|0.307947|0.495704|-0.282678|-0.204446|0.250610|0.265477|-0.369514|-0.438173|0.232653|-0.462603|-0.197235|-0.475926|-0.452534|-0.192362|-0.117222|-0.232971|0.465356|-0.430886|0.028291|-0.422076|-0.003137|0.430590|0.444406|0.229110|0.361405|0.075736|0.456791|0.378019|0.393607|-0.107061|0.191811|-0.445132|0.168064|-0.162506|-0.080075|0.233760|0.094402|0.108451|0.137393|0.040398|-0.099072|-0.404221|0.464270|0.273209|0.293356|0.018758|0.120972|-0.459067|0.387696|0.282659|0.495025|0.216391|0.490293|-0.335208|-0.122112|0.096511|0.185681|0.107285|0.487709|-0.210592|-0.160517|-0.236379|-0.423791|-0.233673|-0.172416|0.051884|-0.062601|0.439953|0.014943|-0.269706|0.115877|0.172541|0.394009|-0.046553|0.249909|-0.266558|0.352148|0.196708|0.036704|0.492398|-0.231774|-0.261402|-0.306757|0.320995|0.259630|-0.106339|-0.442396|-0.422498|-0.478809|-0.343965|-0.063531|-0.033244|0.453025|0.055432|0.026145|-0.262216|-0.153239|-0.017464|-0.176037|0.184101|-0.062887|-0.020300|-0.351770|0.494444|-0.315234|0.124036|0.375271|0.070684|0.124500|0.256883|-0.310416|-0.308851|0.238401|0.039820|0.213199|-0.045384|-0.206420|0.346832|-0.307251|-0.410362|-0.142511|-0.450665|0.255220|-0.461095|0.088844|-0.100491|0.024592|-0.124623|0.094805|0.354360|-0.167789|-0.161506|-0.059638|0.135923|-0.233378|0.223818|0.419422|0.226574|0.103335|-0.448894|0.207255|-0.296942|0.117634|0.039463|0.141390|-0.051051|0.186825|0.425917|0.051893|0.290689|-0.168197|-0.469506|-0.432567|-0.214278|-0.109466|0.483048|-0.350905|-0.141821|-0.071315|0.472146|-0.468408|0.478432|-0.343130|-0.440415|-0.156458|-0.074279|0.337805|-0.004192|-0.279892|0.400439|0.295194|-0.170958|0.268513|-0.281652|-0.151848|0.002833|0.442685|-0.152306|0.196630|0.231151|0.482487|-0.337358|0.494549|-0.121212|-0.069440|-0.396772|0.414302|0.060117|-0.196247|-0.001290|0.331667|-0.443948|-0.381510|0.391336|-0.105502|-0.341231|-0.205943|-0.213824|-0.011737|-0.357984|-0.165550|0.326106|-0.075393|0.045946|0.119443|0.446310|0.022152|0.498358|0.263166|-0.244509|0.259798|0.153250|0.322904|0.040160|-0.344981|0.305469|-0.245266|-0.421777|-0.490894|0.107460|-0.223698|0.085074|-0.211291|-0.311190|0.423957|-0.452854|-0.242848|-0.367305|-0.070236|-0.111806|-0.447604|-0.368284|0.067382|-0.441043|0.457592|0.383507|-0.357020|-0.366172|0.243820|-0.301810|-0.298808|0.404165|-0.190877|-0.445152|-0.359276|-0.452005|-0.427994|-0.327299|0.043985|-0.388178|-0.298344|0.393701|-0.121314|-0.316448|0.178088|-0.077363|-0.417055|0.286553|-0.387230|-0.124640|0.308076|-0.121853|-0.077893|-0.387743|-0.201841|0.235559|0.115259|-0.449572|-0.376504|0.124165|0.366573|-0.032755|0.090211|0.441668|-0.224312|-0.361874|-0.200737|-0.316319|0.203082|0.359473|-0.117295|0.117132|-0.203662|-0.388524|-0.352113|0.334494|0.091440|-0.309982|-0.018617|0.403444|-0.230104|-0.314022|-0.363300|0.303668|-0.036481|0.157352|0.351996|0.156781|0.222871|0.306723|0.189393|-0.108156|-0.312924|-0.243576|0.320012|0.107728|-0.169380|0.162414|-0.400274|0.295685|0.278248|-0.323411|-0.139108|-0.342025|-0.290549|-0.028745|0.027830|-0.202541|-0.074735|-0.422219|-0.457659|0.493708|0.379260|-0.186319|-0.011730|0.111181|0.160099|0.250293|-0.000147|0.207060|0.205571|0.043185|-0.388371|0.082364|-0.295790|-0.303303|0.318532|0.076014|0.037260|0.340932|-0.278324|-0.079459|0.497250|0.153362|-0.414434|-0.326271|-0.185174|-0.300387|0.418130|0.061515|-0.199335|-0.420068|0.263398|0.222458|0.350972|0.214950|0.263832|-0.118295|-0.356673|0.410467|-0.089118|0.362458|-0.088455|-0.204651|-0.316351|0.172906|-0.173242|-0.135417|0.276703|-0.423828|-0.143997|0.144634|-0.039801|-0.130181|-0.208017|-0.270287|0.366655|-0.026426|0.432267|-0.396672|0.302721|-0.226424|-0.226941|0.125278|0.393094|0.406259|0.347513|0.059722|0.454547|0.121999|0.210156|0.150113|0.059477|-0.449438|-0.151853|0.119107|-0.013495|-0.435842|0.212579|-0.227292|-0.342185|-0.458693|-0.372492|-0.151841|-0.437938|-0.141931|-0.223360|0.283915|0.282886|-0.218784|0.370910|0.340054|-0.448448|0.314773|0.011538|-0.228361|0.082936|0.418069|0.240532|-0.265056|0.135742|-0.093057|0.293399|0.150784|-0.037043|0.201454|-0.206218|-0.366927|-0.279926|0.363221|0.432806|0.237501|0.195347|0.094746|-0.060334|-0.334117|0.000260|-0.329069|0.480776|0.151062|0.108166|-0.042681|0.055769|-0.296556|-0.102408|0.059128|0.194100|0.048204|0.336068|-0.245896|-0.198289|0.365847|-0.332035|0.136066|-0.499242|-0.230192|-0.496574|-0.093658|0.177327|0.391556|-0.394486|-0.408998|0.178848|-0.259632|-0.120365|-0.184617|-0.092057|-0.291278|0.314729|0.159061|-0.005471|-0.377609|-0.315623|0.059255|0.168098|0.383959|0.340807|-0.386417|0.498614|0.062064|-0.327953|-0.417908|-0.484427|-0.135050|-0.445385|0.295013|-0.035507|-0.021986|0.239889|-0.091358|0.195965|-0.441946|0.185733|0.282835|0.214275|0.133503|0.166456|0.140330|0.405151|0.097048|0.205019|0.091073|0.251768|-0.110581|-0.368037|-0.425034|0.007300|0.455966|-0.309833|0.443373|-0.021005|0.324060|-0.356326|0.134205|0.009117|0.151352|-0.281707|0.028051|0.304828|-0.290952|0.410772|-0.387361|-0.339504|-0.492809|0.159983|0.427584|0.020737|-0.372261|-0.018622|0.309428|0.313877|-0.324556|-0.372129|-0.258759|0.107583|-0.338267|-0.206069|0.311385|0.153708|-0.219111|-0.116361|0.329118|-0.021410|0.442178|-0.073734|0.478887|-0.415700|0.185639|0.474295|0.219640|0.430095|-0.210565|-0.387476|-0.443701|-0.196424|0.132169|0.314885|0.046528|-0.053387|0.357648|0.217277|0.288797|0.253625|0.102872|-0.044973|-0.326116|0.074273|-0.020185|0.225656|0.123214|
-0.005322|0.363699|-0.419147|0.448730|0.287064|-0.156252|-0.162812|-0.164397|-0.180076|0.316972|0.414901|0.392991|-0.489073|0.060687|-0.126163|-0.417299|0.237286|-0.320798|0.124372|-0.337108|-0.421859|-0.051807|-0.245250|0.394179|0.196679|-0.174079|-0.123279|0.451890|-0.191720|0.491902|-0.088612|0.122687|-0.207493|-0.115062|-0.391446|0.427985|-0.307575|0.302461|-0.329333|-0.490256|-0.398880|0.294439|-0.497221|0.400486|0.246984|0.376160|-0.246833|-0.447846|-0.313783|0.034066|0.482541|-0.396765|-0.141638|0.074660|-0.101698|-0.324889|-0.352043|-0.154405|0.052140|0.128147|0.089888|0.337224|0.090496|-0.376866|0.210507|-0.222040|-0.123411|0.498117|-0.165645|0.187043|0.374820|-0.266105|-0.028692|0.060117|0.096287|-0.244738|0.008700|0.483300|-0.497928|0.063273|-0.218960|-0.290263|-0.498721|0.168880|0.361856|0.366083|0.469544|0.074290|0.475788|0.467096|-0.350682|0.233018|-0.087943|-0.069696|-0.442325|-0.289015|-0.130243|-0.184204|-0.039476|-0.039227|-0.204144|-0.096242|-0.101834|-0.400260|-0.470676|0.236517|-0.159698|-0.099560|-0.286840|0.058810|-0.477824|-0.245494|0.158047|-0.446708|0.075883|0.255123|0.196967|-0.195854|-0.467202|0.086391|-0.264928|-0.271341|0.481998|0.265497|-0.382674|-0.468150|-0.481095|-0.318032|-0.274404|-0.455290|0.373884|0.070914|-0.099051|-0.224654|-0.110857|-0.055207|0.380002|-0.414304|-0.047086|-0.250791|-0.099968|0.338946|-0.012962|-0.293255|-0.017067|0.157923|-0.065076|0.473308|0.269316|-0.339469|0.184802|0.111709|-0.363186|0.093606|0.473852|-0.031463|-0.255259|-0.299717|-0.178525|0.040421|0.095011|0.410773|0.117380|-0.123719|-0.329328|-0.387370|0.387179|-0.039449|-0.394670|0.456440|-0.031285|-0.056134|0.158507|0.043408|-0.163167|0.348216|-0.149481|0.166967|-0.359672|0.370502|-0.295636|-0.427872|-0.409658|0.491571|0.081920|0.204783|0.035108|-0.164010|-0.489526|-0.174848|0.302333|0.096642|-0.497244|-0.093891|-0.367113|0.324362|0.148585|0.422652|-0.148534|0.302317|0.472427|-0.437614|0.224135|0.176355|0.001762|0.164551|0.355068|-0.375088|-0.381239|0.246646|0.074837|0.356419|-0.356651|-0.387680|0.228780|0.349330|-0.408573|0.437922|-0.025800|0.449512|0.486467|-0.046318|-0.098003|-0.160669|0.239541|-0.364225|-0.345411|-0.481332|-0.381555|-0.161657|-0.332195|0.407831|0.397380|0.046096|-0.222210|-0.135063|-0.063032|-0.487482|0.007728|-0.241082|0.399694|0.467414|0.188277|-0.278767|-0.028960|-0.221163|-0.002785|-0.246962|-0.085023|0.328774|0.272317|-0.361847|0.214509|0.320692|-0.477406|0.472267|0.417253|0.042014|-0.075547|-0.249789|0.132162|0.443841|0.226852|0.422645|-0.355759|-0.150419|0.060362|-0.063452|0.141911|-0.289032|0.110808|-0.468953|0.379958|-0.479165|-0.058915|0.062904|0.074175|-0.263241|0.026530|-0.134207|-0.272714|0.098508|-0.374886|-0.236639|-0.044202|-0.209215|-0.382189|0.175703|0.111438|0.073566|0.425924|-0.281282|-0.081500|0.170353|-0.270662|0.146225|-0.423542|0.253458|-0.066242|0.377079|0.158712|0.069394|-0.494824|-0.499713|0.435334|-0.489528|-0.015372|0.475929|-0.139362|-0.184751|0.088858|-0.347923|0.352163|-0.379609|0.051035|-0.248794|0.439997|-0.086084|-0.030407|0.268892|-0.218664|0.165510|0.081104|0.374576|0.159281|-0.170698|-0.014724|-0.287024|0.297229|0.055911|-0.074370|0.455962|0.147241|0.456223|0.140695|0.281452|0.492685|0.159484|-0.077778|-0.152477|-0.451841|-0.423647|0.398886|0.131374|-0.328999|0.099648|-0.037757|0.049486|-0.485455|0.126745|0.026468|-0.070147|0.257310|-0.219452|-0.387619|-0.488131|0.251232|-0.017118|0.275482|0.158852|-0.461734|0.396050|-0.031159|0.302543|-0.399967|-0.226478|0.066320|0.382933|-0.047623|0.207090|-0.303866|0.153413|0.061592|-0.409144|0.072966|0.190280|0.180345|0.057218|-0.402184|0.344342|0.314948|0.071717|0.104636|-0.301999|-0.126288|-0.189101|-0.305493|0.427294|0.232813|-0.075247|0.157941|-0.150755|-0.303479|0.487298|0.489893|0.171227|-0.454940|-0.129289|-0.269907|0.059972|-0.422685|0.322513|0.467268|-0.249880|0.325971|-0.353213|0.302121|-0.424304|-0.471066|0.121679|0.401270|-0.054534|-0.464968|-0.068278|-0.177709|-0.136183|-0.010317|0.162474|-0.249150|0.130447|0.179342|0.449829|-0.387297|0.033369|0.123567|0.351933|0.146308|0.348795|0.012096|0.393620|-0.295974|0.297685|0.084969|0.359878|-0.255018|-0.310517|0.315137|0.045115|-0.340628|0.432836|-0.442342|0.062236|0.217525|0.357580|-0.478103|-0.164988|0.107551|0.292465|-0.022318|0.272629|-0.303005|0.154068|0.243628|-0.470005|-0.177418|0.410032|0.122833|-0.057294|0.057353|0.485337|0.393028|-0.292172|0.106907|0.412064|-0.439210|0.462902|-0.010927|0.498961|0.152784|-0.331314|0.446257|-0.020227|-0.187969|0.088943|-0.413832|-0.250487|-0.196085|-0.453930|0.308864|-0.196446|0.331090|0.264082|0.148062|-0.138826|0.056406|-0.411633|0.387880|-0.121017|0.336660|-0.186470|0.103615|0.177486|0.210575|-0.127240|-0.357300|-0.465228|0.354789|0.363973|0.179535|0.223689|-0.060834|0.223716|0.423336|0.364437|0.148021|0.399633|0.034921|0.336638|0.247755|-0.220810|-0.494653|-0.132594|0.268113|0.336461|-0.028918|0.216580|-0.380262|-0.190869|0.082913|-0.271187|0.106359|0.181496|-0.407992|0.213166|0.273969|-0.176674|0.389075|0.079721|0.350256|-0.008414|0.347531|0.166301|-0.306206|-0.294217|0.245018|0.434056|-0.286706|-0.339883|-0.175642|-0.032895|0.176733|-0.339208|0.284411|-0.412508|0.330849|0.230793|-0.141079|-0.189675|0.449235|0.253668|0.274371|-0.315086|0.177610|-0.330492|-0.117923|0.413894|0.061145|-0.285765|-0.492066|-0.423644|0.136581|0.435611|0.024288|0.162873|0.270533|-0.439059|0.344721|0.303550|-0.351064|0.199826|-0.240594|0.039941|0.238224|0.410127|0.429375|-0.457917|0.192062|-0.124241|-0.387546|-0.463218|0.278574|0.358211|0.256188|0.387391|0.122952|0.221968|-0.375592|-0.381345|0.094425|-0.044784|0.276099|-0.070589|-0.078658|-0.409050|-0.154913|-0.242223|0.425383|0.070719|-0.350128|0.304242|0.364576|0.053995|-0.495281|-0.018621|-0.357398|-0.249979|0.342621|0.040392|0.362113|-0.287498|-0.476972|0.224345|-0.496746|-0.411524|-0.220001|-0.225247|-0.094567|-0.047278|0.058864|-0.484366|0.008454|-0.438181|-0.305599|-0.047731|-0.469807|0.079696|0.151476|0.188750|0.245187|-0.352846|0.214825|0.024223|0.163568|0.363823|0.158322|0.057970|-0.170394|-0.307952|0.447864|-0.216773|0.286412|0.202254|0.153623|0.278355|-0.070705|-0.397640|-0.227222|0.000982|-0.209171|-0.324360|-0.316439|-0.202141|-0.226099|-0.216292|0.066467|-0.070187|0.100177|0.247328|-0.332197|0.051585|-0.396672|-0.124607|0.435914|-0.068659|0.156141|-0.146965|0.057150|0.093257|-0.000491|0.470984|0.435276|0.373213|-0.230519|-0.244633|0.336677|0.232462|0.210887|0.322963|-0.468200|-0.047960|-0.313677|-0.333980|-0.036857|-0.107306|-0.022929|0.281234|-0.437636|-0.196859|-0.193008|0.303516|-0.208555|0.465045|0.005826|-0.363181|-0.409472|0.399958|-0.118186|-0.045833|0.111104|-0.421748|-0.177956|0.239183|0.409936|0.244637|0.259701|-0.354882|0.350664|-0.253609|-0.013515|0.276144|0.365045|0.263392|-0.396629|0.210752|-0.304718|-0.349044|-0.467585|-0.303641|-0.205240|0.484365|-0.283504|0.350790|0.461304|0.141001|-0.168894|0.198512|0.230287|-0.422617|-0.087020|0.033073|-0.408684|-0.373473|0.213506|0.446721|0.215815|0.350665|0.124145|0.286687|0.453739|-0.120032|-0.026273|-0.137261|0.356912|-0.053743|0.048287|-0.265141|-0.254587|0.046612|-0.322109|-0.225039|0.378392|0.329402|-0.438083|-0.310773|0.092426|0.482237|-0.404373|0.089676|-0.479062|-0.482090|-0.288608|0.422060|0.161381|0.204828|-0.239483|0.337616|0.176903|-0.050879|0.107862|0.071385|-0.000875|-0.443917|-0.463450|-0.127568|0.248943|0.370395|0.140549|0.207544|-0.179425|-0.354196|0.329481|-0.055900|-0.370969|0.166727|
0.135258|-0.068022|0.185730|-0.402050|-0.345069|-0.226674|-0.472524|-0.213443|0.092745|0.321004|0.055753|-0.117752|-0.038655|-0.326347|0.144716|-0.360406|0.369184|0.425133|0.255477|0.078286|0.318783|0.389968|0.449072|-0.039832|0.334524|0.014500|-0.034042|0.451909|0.268208|-0.349720|-0.110634|0.061888|-0.195663|-0.384886|0.322126|0.278312|-0.314401|-0.260041|-0.233658|-0.186421|-0.387354|-0.434480|0.383627|0.491871|0.380157|0.030559|-0.330228|0.478345|-0.305983|-0.377927|0.053261|-0.109660|-0.384260|-0.338716|0.432655|-0.310376|-0.196528|-0.308637|-0.467212|-0.155174|-0.366690|-0.202772|-0.123143|0.003189|-0.385914|0.278934|0.428306|0.388995|-0.106920|-0.384266|-0.128978|0.385545|-0.140405|0.053524|-0.327258|-0.149400|0.413676|-0.263049|0.357902|-0.040146|-0.195211|-0.436976|0.443470|-0.155808|0.352663|-0.257092|-0.210746|-0.376714|0.085062|0.265622|0.019684|0.038898|-0.215204|0.046898|0.268782|-0.209917|0.108583|0.313907|-0.334480|0.122398|-0.076353|-0.060661|-0.000413|-0.322353|-0.258935|-0.498605|-0.274122|-0.338516|0.325292|-0.386181|0.154634|-0.136961|0.465412|0.305470|-0.499143|-0.361080|0.237658|0.116255|-0.209226|0.267771|0.472926|-0.060753|-0.281279|-0.162524|0.360516|-0.352823|0.057749|-0.040510|0.363992|-0.321600|0.201316|-0.006652|0.479961|0.457586|0.450546|-0.378127|0.159646|0.478956|0.143235|-0.022052|-0.120179|0.192289|0.498760|-0.287906|0.110436|0.069987|0.115369|0.132210|-0.131923|0.126877|-0.140250|-0.371819|0.087486|0.339096|-0.081598|0.308937|-0.424247|-0.214579|-0.189675|0.294425|-0.286251|-0.092816|-0.253868|-0.317103|0.288117|0.192260|0.040674|-0.218690|-0.247579|-0.014142|-0.069436|-0.352468|0.101595|0.327597|-0.499748|-0.382785|-0.485687|0.042445|-0.333068|-0.164051|0.240027|0.325717|0.229789|0.205678|0.493448|-0.117341|-0.269022|-0.378637|0.320978|0.474403|0.423605|-0.410639|-0.479366|0.248698|0.150794|-0.067783|0.119454|0.245555|-0.283943|-0.127044|-0.433318|-0.499625|-0.100429|0.101281|0.184573|-0.423682|0.141443|-0.089084|0.172128|0.463739|-0.307469|0.053678|0.238189|-0.272869|0.162913|-0.302765|-0.001419|0.211809|0.181581|0.149025|0.402634|0.081731|0.282220|0.314932|0.147836|0.250263|0.320135|-0.110880|0.392610|0.318831|0.077087|-0.235648|-0.149571|0.165119|-0.372693|0.358864|0.498099|-0.453137|-0.033734|0.105400|0.065653|0.080053|0.488844|0.103791|-0.117005|-0.099438|-0.204140|0.238424|-0.354068|-0.339967|0.270102|0.399871|0.257953|-0.151668|-0.459811|0.057309|-0.414000|0.455714|-0.278485|-0.173011|-0.092313|0.432251|-0.349460|0.327294|-0.371980|0.335981|0.350053|-0.256838|0.313512|-0.424142|-0.319430|0.067345|0.021479|0.412584|0.136037|-0.208293|-0.163687|0.339755|0.428319|0.319750|0.211289|-0.014993|-0.019575|-0.211374|-0.163390|0.099819|0.144797|-0.014774|-0.120084|0.475271|0.352733|-0.208703|0.437627|-0.050274|-0.005328|0.341467|-0.371464|-0.371528|0.125466|-0.071417|-0.315942|0.098721|-0.380789|0.356666|-0.489400|-0.079806|-0.199219|-0.123103|-0.095618|0.021025|0.119347|0.129244|0.166031|0.374348|0.099824|-0.039534|-0.028178|-0.137630|-0.189320|-0.393542|-0.151067|-0.101927|-0.405277|0.327999|0.032426|-0.290501|0.347153|0.497863|-0.057542|0.025335|0.115158|0.203566|-0.351629|-0.168074|-0.399791|-0.045625|-0.098402|-0.487536|0.091736|-0.064998|-0.408436|-0.090948|0.004600|0.183345|-0.119435|-0.339184|0.228187|0.295532|0.381361|-0.401001|0.138848|-0.472486|0.109623|0.045581|0.053760|0.361486|0.219929|-0.072593|-0.148225|0.389751|0.364861|0.479741|-0.235351|-0.244534|-0.359711|0.149883|0.056531|0.087500|-0.084999|0.417420|-0.105628|0.180649|-0.457660|0.173886|-0.090250|-0.464892|0.004450|-0.198345|0.256357|-0.219119|0.420703|0.149339|-0.131484|-0.008661|0.337131|-0.331280|0.167723|-0.041987|-0.432208|0.192922|0.423781|0.331692|-0.291297|-0.059639|0.474549|0.009172|-0.383290|-0.053482|0.358513|-0.380768|0.404083|0.018196|0.405929|-0.137905|-0.191047|-0.025104|-0.153278|0.127568|0.177555|0.122804|0.335154|0.139308|-0.074209|-0.327657|-0.189275|-0.004441|0.009663|-0.401786|0.286555|-0.149601|0.328806|-0.329233|0.259229|-0.094745|0.250115|-0.269539|0.013070|0.179806|-0.256497|0.202245|0.179286|-0.148950|0.098821|0.043835|-0.359529|-0.087966|0.457248|-0.019948|0.260882|-0.386533|0.084454|-0.301586|-0.467858|0.017305|-0.321948|0.361107|-0.196435|0.168799|-0.029523|0.347282|-0.322491|-0.072914|0.196993|0.358849|-0.421700|-0.189133|-0.462009|0.136702|-0.283981|-0.369203|-0.051097|-0.266970|0.094586|-0.095621|-0.256460|0.464289|-0.022926|0.271682|0.379659|-0.075051|-0.427211|-0.109113|0.072047|-0.059415|-0.359895|0.149858|0.024202|-0.054625|-0.436138|-0.050146|-0.399008|-0.045817|0.334007|-0.460311|-0.070816|0.345556|0.473218|0.273623|0.270861|-0.354586|0.428112|-0.485191|-0.389982|-0.379665|-0.233230|0.090248|0.263602|0.452912|0.182490|-0.484917|-0.130550|0.018278|0.356540|0.091903|-0.413735|0.458623|-0.390974|-0.147612|0.072472|-0.451895|-0.346749|-0.378991|-0.420041|0.498026|-0.279367|-0.486599|-0.387519|-0.122853|-0.379602|0.207123|0.009067|-0.095736|-0.274490|0.076227|-0.300955|-0.205166|-0.316248|0.315072|0.414770|0.071521|0.306009|0.010165|0.052680|-0.429723|0.123664|0.362992|0.200075|0.186660|0.490281|0.397627|-0.303028|0.230947|0.152316|0.147423|-0.280077|-0.213623|-0.108764|0.001477|0.086217|0.181937|0.427550|-0.313040|0.091829|0.079940|0.017841|0.041209|-0.151834|-0.133890|0.421870|-0.278111|0.486658|0.288190|-0.387759|0.119046|-0.093773|0.357932|-0.080199|-0.105930|0.231049|0.194961|0.030957|0.130863|0.087340|0.320474|0.340422|-0.234352|-0.247665|-0.191889|-0.402501|-0.086979|0.386425|0.019355|0.134572|-0.323621|-0.080076|0.097785|-0.010870|-0.105313|0.403286|0.212787|-0.005164|0.390319|-0.215851|-0.274195|-0.387972|0.228046|-0.240664|-0.402502|0.282006|-0.078643|0.160476|0.091573|-0.407135|-0.407463|0.387646|-0.305712|0.165239|0.161120|-0.324784|0.087543|-0.163871|-0.378436|-0.015447|0.219913|-0.483688|0.448492|-0.372666|-0.106306|0.408868|-0.103294|0.116520|0.208509|0.003972|0.274215|-0.028501|-0.178671|-0.323263|-0.158355|0.327020|0.213719|0.378613|0.154525|-0.433550|0.185739|0.401273|-0.327337|0.197718|-0.006128|0.147944|-0.100660|0.085234|0.245412|-0.040279|-0.072392|0.257189|0.212169|0.314769|-0.004259|-0.429309|-0.284494|0.427084|0.394297|0.305118|0.273038|0.178214|0.226946|0.227825|-0.191276|0.277795|0.305294|0.462813|-0.489886|0.078954|0.190875|-0.268612|-0.482975|0.478006|0.306403|-0.461269|-0.399902|-0.319029|0.107428|-0.064301|0.438393|0.116064|0.311041|-0.250355|0.235855|-0.255290|0.399740|0.425568|0.491113|-0.045781|-0.285943|-0.134028|-0.124808|-0.381690|-0.049188|-0.070620|-0.239803|0.077516|-0.460677|0.337173|-0.472426|-0.293925|-0.004702|-0.163615|0.429940|-0.013910|-0.129598|-0.078828|0.287860|0.078211|-0.240205|0.283735|-0.452605|0.384463|-0.441214|-0.116478|-0.216967|0.228266|-0.463977|-0.204065|0.430241|0.277363|0.389925|-0.459357|0.437033|-0.306526|-0.496640|0.148852|0.220217|-0.350165|-0.417030|-0.435928|-0.322942|0.334084|-0.013635|0.044308|-0.078665|-0.347495|0.059299|-0.415157|0.013448|-0.173441|0.043538|-0.338257|-0.311548|-0.268983|-0.105977|0.115548|0.001449|-0.260164|-0.369769|0.126355|-0.491141|-0.364164|0.477070|0.372224|0.440208|-0.021179|0.495499|0.171968|-0.315619|0.212270|-0.467961|0.073859|-0.109305|0.133306|0.420599|0.069212|-0.307204|-0.040299|-0.081563|-0.211682|0.435702|-0.406490|0.053694|0.138739|0.307479|0.151252|0.011811|-0.204090|-0.130311|0.468923|0.443254|0.163830|-0.407238|0.082564|-0.335976|-0.201728|0.264592|-0.098665|0.459319|
0.199546|0.463476|-0.188437|-0.397240|0.389672|0.465628|0.278766|0.059787|0.328723|0.236703|-0.058820|0.266496|0.112343|0.214081|0.292522|-0.309187|0.144551|-0.268893|0.421016|0.241646|0.338890|-0.351045|0.490587|-0.053158|0.269096|-0.208682|-0.434754|0.068786|-0.198148|0.306485|0.251665|0.366928|-0.189829|0.464883|-0.090400|0.442678|0.061617|0.398725|0.121386|0.159028|-0.269539|-0.144046|-0.230375|-0.093417|0.474372|-0.354393|0.377240|-0.131947|-0.462181|-0.311396|-0.213585|-0.200063|0.325321|0.017682|-0.074133|-0.174942|0.286201|-0.185474|0.422862|0.316677|-0.449589|0.058665|0.133248|-0.091582|-0.312341|0.050672|0.306061|0.293511|-0.377307|-0.441600|-0.097178|-0.141516|0.245188|-0.420999|-0.305907|-0.071775|-0.340707|-0.399244|0.406121|-0.348079|0.454614|0.132878|0.454363|0.001636|0.467552|0.393540|-0.461142|-0.479858|0.345013|0.000684|0.447716|-0.351143|-0.000793|0.421003|-0.013918|0.307230|-0.474342|-0.425663|-0.094133|0.017478|0.076329|-0.080290|0.267175|0.446781|0.282400|-0.017168|-0.495592|0.009591|-0.331639|-0.032015|-0.001185|0.445431|-0.008901|0.092109|-0.175841|0.474690|0.265995|0.271949|-0.191242|-0.340759|0.095743|-0.220136|0.239138|-0.304011|0.080319|0.131193|0.032032|0.050044|-0.106723|0.127432|-0.380707|-0.230370|0.020069|0.413615|0.079968|-0.023798|-0.295242|0.379331|0.148523|0.196066|0.119399|0.307124|-0.385573|0.107523|0.207574|0.403335|-0.188966|0.491529|-0.348932|-0.336751|-0.340397|0.228912|0.233671|-0.454650|0.075613|0.333352|0.031822|0.174034|-0.330613|0.483024|0.104210|-0.040143|-0.114389|-0.416557|-0.107684|0.143541|-0.221795|0.366552|-0.171951|0.211955|0.308381|-0.410206|0.058716|0.104563|0.448326|0.047466|-0.060262|0.006018|-0.020540|-0.393910|0.419113|-0.278258|-0.195006|0.184733|0.261800|-0.375582|0.131105|-0.411718|0.276021|0.130846|0.317065|0.357552|0.071599|0.474930|-0.222791|0.412185|-0.327300|0.328930|0.383155|-0.479698|-0.155028|0.443699|0.248976|-0.411879|-0.448465|0.015064|0.039945|-0.127374|0.136893|-0.163009|-0.261969|-0.462962|-0.341798|0.028376|0.046016|-0.277285|0.380077|-0.007369|-0.250842|-0.022746|0.312041|0.210826|0.135301|0.119142|-0.415136|0.338883|0.195233|-0.442168|-0.297115|0.156121|0.357979|0.387958|-0.394711|-0.157814|0.347182|0.095599|-0.428404|0.087857|0.359385|0.122479|-0.077061|-0.016700|-0.040858|0.472873|0.180513|0.158516|-0.449032|0.237965|0.215757|-0.027845|0.240348|0.268497|-0.092602|-0.059829|-0.341216|-0.055985|-0.495572|-0.169514|0.379372|-0.025512|0.342380|-0.132185|-0.204731|0.214796|-0.354551|0.043570|-0.381808|-0.499347|-0.272175|0.339557|-0.000926|0.183024|-0.331856|0.356618|0.360846|-0.323911|0.212218|0.058007|0.163909|-0.108349|-0.134383|0.259602|-0.273864|0.215206|-0.403730|0.461137|-0.269365|-0.446718|-0.105401|0.218561|-0.268050|0.171865|-0.110678|-0.216420|-0.294267|0.188204|0.187799|0.162345|0.388047|0.022014|0.182935|0.005950|-0.294866|0.254641|0.055653|-0.176605|0.463637|0.475639|0.326815|0.114570|0.251077|-0.496505|0.443280|-0.186685|-0.396849|-0.145945|0.247980|-0.045163|0.156476|0.486294|-0.314166|0.177025|0.473314|-0.345163|-0.215812|-0.480972|-0.229289|0.249203|0.060218|-0.047654|0.235920|-0.127951|0.307874|0.293172|0.005868|-0.118731|0.355353|-0.006796|0.490337|-0.088131|-0.383694|0.310358|0.186359|-0.236598|0.336803|-0.478169|0.320817|0.296629|0.494693|0.019233|0.300666|0.325455|-0.257936|-0.421499|-0.183242|0.248520|-0.328739|-0.099184|-0.138802|0.376235|-0.461423|0.315645|-0.083258|0.270418|0.096425|-0.214067|-0.292415|0.435469|0.447037|0.070520|0.064068|-0.224429|0.323045|0.152784|-0.426071|0.152315|0.066522|-0.405405|0.347885|0.227269|0.094043|0.276570|-0.359310|0.049657|-0.336382|0.320290|0.105618|-0.112957|-0.484152|0.460819|-0.489520|-0.459381|0.120351|0.062783|-0.308947|0.102867|0.469070|0.387932|0.047243|0.049719|0.272803|0.179337|-0.292167|-0.483096|0.237499|-0.081951|-0.072664|-0.133875|0.241100|0.286218|0.471490|0.408858|-0.176675|0.281232|0.260217|0.498425|0.235305|-0.458522|-0.370891|-0.455473|-0.191345|-0.151294|0.091832|-0.073881|0.018929|-0.441593|0.072988|0.270590|0.168071|-0.014742|-0.001790|0.280441|0.188372|0.458491|0.375093|-0.371120|-0.070843|0.100821|0.381185|0.027178|-0.481988|-0.253861|-0.485809|0.086581|-0.415484|0.148997|0.245444|0.420075|-0.238923|0.052225|0.113338|0.480990|0.421198|0.125144|0.398063|0.262892|-0.112610|-0.134318|-0.321308|0.184675|-0.211999|-0.196526|0.492865|-0.155170|0.296219|-0.201945|0.122211|-0.352173|-0.344893|-0.305737|0.462580|-0.288521|-0.314470|0.266217|-0.119865|0.318744|0.062139|0.262042|0.322244|-0.319183|0.179001|0.000162|-0.275630|-0.421770|0.200455|0.006809|-0.480717|0.287112|-0.251195|0.411650|-0.429970|-0.171000|0.131102|0.374190|-0.007376|0.237368|0.062960|0.201577|0.411410|0.287327|-0.226088|-0.294917|0.350849|-0.078263|-0.373661|0.277785|-0.277152|0.262174|0.072425|-0.490379|-0.075650|0.204768|0.375997|0.427607|0.269240|-0.110243|-0.092391|-0.230275|0.432398|0.484781|-0.049075|-0.130556|0.108694|-0.300150|-0.496390|0.252668|0.059857|-0.047270|-0.106815|-0.213691|-0.057385|0.368995|-0.268823|0.087849|0.094905|-0.436131|0.002807|-0.323444|-0.311775|-0.202279|0.150263|0.147803|0.196706|-0.062113|-0.142233|-0.309511|-0.168568|0.368620|0.095329|0.198057|-0.095373|-0.242170|-0.035339|-0.472257|0.313476|-0.499547|0.015076|-0.305444|-0.066267|0.039840|-0.263416|-0.078610|0.404670|-0.150414|-0.087211|0.198861|-0.330494|0.080271|-0.229346|-0.391099|-0.005236|-0.423451|0.174165|0.041211|0.498103|0.182812|-0.248152|0.060878|-0.064165|0.480868|-0.075812|0.277535|0.163099|0.095499|0.490583|0.321022|0.380063|0.467545|0.281002|0.124289|0.269822|-0.313759|-0.073016|0.493528|-0.413249|-0.000739|-0.115028|-0.146792|-0.347689|-0.496363|0.129401|0.480960|0.114904|-0.286547|0.302873|0.242502|-0.052951|-0.255223|-0.486638|-0.219797|0.161695|0.151675|-0.451279|-0.105714|0.142255|0.261106|-0.356293|-0.203462|-0.310723|0.251644|-0.314611|-0.319498|-0.100713|0.489605|-0.125233|0.114154|0.022932|-0.364018|0.188155|0.113165|-0.090164|0.131668|0.118997|0.389321|0.202119|-0.407392|0.194648|0.323423|-0.339350|-0.304700|0.441739|0.032426|0.305195|0.108519|-0.107586|-0.335004|-0.047585|-0.193206|-0.245707|0.161482|0.070905|-0.113609|0.407783|0.045283|-0.086821|-0.269747|-0.266135|0.430272|-0.374683|0.367751|-0.028135|-0.146531|0.298857|-0.235808|0.380640|0.056696|-0.100638|0.153101|0.478681|-0.423871|-0.457957|0.006325|0.358182|-0.001133|0.041091|-0.470727|-0.205242|-0.448744|0.129247|-0.448795|0.152628|-0.391564|0.240271|0.150148|0.448725|-0.163575|0.050319|0.434416|0.286388|-0.165248|-0.229836|-0.126244|0.076141|0.101397|-0.490862|-0.390416|-0.278470|0.360129|-0.109118|0.224835|0.450464|0.348297|-0.339058|-0.303618|-0.225986|-0.182312|-0.030561|0.330202|0.098707|0.192258|-0.450044|0.423341|0.133394|0.133048|-0.499064|0.021295|0.029122|-0.220665|-0.327441|-0.488049|0.200665|0.459217|0.338903|0.163474|0.128714|0.406914|-0.292374|0.311143|-0.156918|-0.362402|0.262482|0.449266|0.457171|0.268186|0.495588|0.126059|-0.012976|0.050698|0.321704|-0.383986|0.251730|0.021738|-0.403093|-0.189142|-0.446295|-0.194334|0.254179|-0.249948|0.243310|-0.361306|-0.333962|0.251477|-0.367586|-0.223728|-0.444513|-0.486619|-0.309260|0.474098|0.500007|-0.130536|0.217486|0.106118|0.043386|0.412314|-0.110305|0.207771|-0.099266|0.491894|-0.103013|-0.314237|-0.046489|-0.146107|-0.402252|-0.130659|-0.486928|-0.341628|0.222433|0.046012|-0.381259|-0.233470|-0.343281|0.143720|-0.476191|-0.112313|
0.061987|0.407247|0.280170|0.411976|-0.401601|-0.053720|-0.273369|-0.198998|-0.401539|-0.123471|0.243395|0.129466|-0.048114|-0.173038|0.485956|0.296559|0.029585|-0.130208|-0.231298|-0.106221|0.498931|-0.310387|-0.406586|-0.457092|0.187044|0.272541|-0.354411|-0.257021|-0.126704|0.060459|0.213011|-0.071057|-0.456057|-0.248364|-0.081505|0.392639|0.101831|0.244945|0.232198|0.408383|0.222465|-0.046575|-0.266807|-0.243608|-0.483436|-0.217302|-0.272516|-0.302295|-0.436659|0.402002|-0.479850|-0.208371|0.144554|0.374373|-0.276605|0.192565|0.073596|0.170426|-0.161888|0.442443|0.012521|0.153672|0.140678|0.181570|-0.156440|0.186184|0.064162|0.048702|-0.359626|-0.019488|0.497466|-0.207753|0.374084|0.418555|-0.158581|-0.165793|0.202677|-0.088591|-0.338846|0.163819|-0.313061|-0.138564|0.455664|-0.198470|0.315991|-0.132508|0.436867|-0.032400|-0.485583|0.487009|0.494218|-0.266410|-0.140276|0.079112|0.056838|-0.368056|0.355795|-0.377018|-0.013859|0.035069|0.201675|0.421188|0.474456|0.019411|0.296450|0.183249|-0.377340|0.383230|-0.282611|-0.431778|-0.309684|0.222269|-0.343366|0.498495|-0.433246|-0.152998|-0.478996|-0.221285|0.298734|-0.141719|0.043783|-0.112147|0.077697|-0.454683|0.356351|-0.272274|0.099047|0.312984|0.257465|0.094591|-0.232909|-0.301724|0.020196|0.044930|0.409171|-0.141634|-0.040070|0.061858|0.157468|-0.371664|-0.451666|0.034790|-0.393755|-0.486323|0.097304|-0.234609|-0.357551|0.376593|-0.419694|-0.347984|0.335686|0.274773|-0.203807|-0.177705|0.207298|0.013662|0.320125|-0.466594|0.353073|-0.285770|0.264297|0.393696|-0.278472|0.336076|0.056246|-0.303964|-0.220603|-0.396006|-0.116683|0.322773|0.296572|-0.344371|-0.033167|0.133146|0.395500|-0.047270|-0.201199|-0.285611|0.079881|-0.123664|0.183600|-0.322006|-0.490770|-0.286911|0.386685|-0.110714|-0.203316|-0.039817|0.141478|-0.086666|0.078292|-0.272574|0.319785|-0.236376|0.204388|0.299194|0.425577|0.334619|0.024020|0.131101|0.355526|-0.417368|-0.430932|0.120015|-0.249395|0.252539|0.406388|0.139760|0.158482|-0.380951|-0.288499|-0.306819|-0.118848|-0.350870|0.386754|-0.122522|0.137219|-0.339586|-0.145780|-0.057914|-0.264423|0.430888|-0.286005|-0.449886|-0.125351|0.254724|-0.260655|0.357444|0.313627|-0.103877|-0.129353|0.063909|0.255173|-0.066132|-0.117136|0.206907|-0.216076|0.107891|0.079095|0.346545|0.258851|0.089666|-0.389012|0.204305|0.429952|-0.248519|-0.322407|0.411419|-0.034104|0.066690|-0.011963|0.110270|-0.045316|0.089016|-0.070151|-0.087705|-0.424018|0.485973|-0.071167|0.080650|0.011323|-0.081883|0.069011|-0.209761|-0.060714|-0.435847|0.205582|0.479889|0.259879|-0.288604|0.338404|0.370374|-0.121197|0.203630|0.109063|-0.080644|-0.065027|-0.087201|-0.261293|0.423758|0.391017|0.489981|-0.009412|-0.477180|0.181879|-0.494065|-0.285967|0.136791|0.341862|0.126637|-0.179699|0.437058|0.150226|-0.158006|0.118431|0.429576|-0.218033|-0.058563|-0.378672|0.039195|0.046530|-0.408821|0.187945|0.006071|-0.359581|0.265064|-0.459760|-0.200718|-0.175903|-0.209290|-0.084429|0.266544|0.103186|-0.376168|-0.005729|0.064477|-0.457018|0.267805|-0.282644|-0.276489|0.437586|0.151578|0.266710|0.051373|0.132368|-0.016088|0.269239|-0.268221|-0.432289|-0.195115|0.485676|-0.091864|-0.116894|-0.171782|-0.051468|0.074587|-0.001594|-0.459395|-0.222574|0.340578|-0.461544|-0.011818|-0.484846|-0.058306|0.357280|0.362970|-0.201170|0.071101|0.335137|-0.076851|0.020935|0.448860|0.057748|-0.394225|-0.145784|-0.409859|-0.432238|-0.268826|0.446571|-0.440503|-0.100581|0.272241|0.007372|0.118141|0.016677|-0.456158|-0.337450|-0.331329|0.159910|0.142506|-0.356876|-0.276115|-0.374376|-0.133609|-0.104055|-0.157003|0.254079|-0.290662|0.164127|0.438726|0.162612|-0.201235|-0.301523|0.474368|0.014267|0.360420|-0.141924|0.247535|-0.161618|0.311747|0.173747|-0.189978|-0.293140|-0.472224|0.110050|-0.266183|-0.263939|0.473526|-0.300885|-0.052143|0.124521|-0.127805|0.240005|0.429391|-0.466390|-0.336505|0.039409|-0.006465|-0.043950|0.487583|0.142168|-0.268518|-0.493613|-0.159554|0.145568|-0.354999|-0.250150|0.160850|0.486113|0.171884|0.308309|0.494215|-0.078870|0.381846|-0.284746|-0.222093|-0.334817|0.407149|-0.414954|0.164171|0.372049|-0.217105|-0.416863|0.140277|0.433302|-0.352079|0.190188|0.173952|0.088489|0.033617|0.438797|-0.410633|0.235487|-0.396331|-0.463956|0.421549|0.192022|-0.058582|-0.277052|0.192525|-0.042157|-0.293937|-0.143263|-0.489244|-0.256399|0.034998|0.020838|-0.294460|0.444698|-0.149026|-0.428325|0.392457|0.394864|-0.284507|-0.446391|-0.192314|-0.214755|-0.203030|-0.225092|-0.183574|-0.398683|0.173990|-0.225440|0.300370|-0.228342|-0.484310|0.183881|0.364645|-0.129224|-0.434631|0.153104|0.444669|-0.173164|0.361108|0.280547|-0.333632|0.088129|0.385586|0.355753|-0.399548|0.352237|0.088952|0.280419|0.201574|0.273598|0.408759|-0.152816|0.101112|-0.257620|-0.074849|-0.149462|0.011005|-0.302797|-0.430524|-0.001328|-0.178829|0.161033|0.114196|0.470374|-0.458865|0.077545|-0.123200|-0.307767|0.041000|-0.153128|0.143981|0.388788|0.198699|0.490339|-0.001645|0.038571|0.166091|0.042731|-0.417593|-0.117566|0.022947|0.392570|-0.167725|-0.089925|0.444279|-0.259328|0.452566|0.136210|-0.425421|0.475972|0.021681|0.307974|-0.276240|0.326935|0.143432|0.364732|-0.041714|-0.065555|0.235066|0.027325|-0.331549|0.216460|0.000585|-0.219559|0.122062|-0.130527|0.382745|-0.417973|-0.072874|0.346688|0.441586|-0.125420|-0.285354|0.022941|-0.229158|-0.429906|-0.024769|0.260644|-0.415965|0.174975|-0.089700|-0.242719|0.002182|-0.181786|-0.220131|0.029834|0.148615|-0.267241|0.486446|0.103311|0.083065|0.189937|-0.441658|-0.135928|0.097431|-0.285698|0.338972|-0.319673|0.164878|-0.213985|-0.182570|-0.385157|0.439528|-0.025732|-0.077458|0.056871|-0.446530|-0.309065|-0.223037|0.271843|-0.248922|-0.488090|-0.430243|0.034614|-0.342779|-0.483341|0.057404|0.133890|-0.037890|0.257277|-0.036754|0.145383|-0.217217|-0.190885|-0.042768|-0.463661|-0.495503|0.164896|0.240098|-0.171498|0.168820|-0.452533|-0.286393|0.202342|-0.188057|0.197503|0.313235|-0.120438|0.132544|-0.070744|0.069077|-0.473986|-0.197325|-0.232110|-0.217092|-0.097248|-0.362841|-0.426824|-0.004737|-0.222792|-0.052820|-0.468323|-0.215392|0.142461|-0.393400|0.447009|0.397501|0.095144|-0.189437|-0.265732|0.210658|0.164963|0.165748|0.243021|-0.017788|-0.062259|0.459228|0.344641|0.169935|-0.025950|0.474896|-0.486844|0.477380|-0.098480|-0.018291|-0.271408|-0.256909|-0.092269|0.284762|-0.045051|0.117179|-0.062256|-0.350093|0.398692|0.123906|0.413735|0.449120|-0.188701|0.261467|0.194630|-0.268900|-0.248241|0.352017|-0.173502|0.003237|0.315520|-0.282825|-0.384279|0.001080|-0.282705|-0.068666|-0.488963|0.139514|0.357272|0.237893|-0.422212|-0.200248|0.275945|0.010531|0.166489|0.001174|-0.109275|0.063524|0.332408|0.438155|0.212699|-0.036210|0.360170|0.092704|0.420414|-0.158728|-0.375376|0.064025|0.455870|0.106291|-0.036291|-0.044393|-0.346717|0.134050|0.328635|0.283963|-0.466702|0.217601|0.323751|-0.236431|-0.111159|0.362527|0.161746|0.099994|-0.330215|-0.138239|-0.141228|0.484067|0.120377|-0.156013|-0.065831|-0.236104|-0.024241|0.395759|0.172932|0.118797|0.119678|-0.087308|-0.059281|0.430623|-0.204612|-0.021290|0.108601|0.467954|0.145141|0.045664|-0.201013|0.352147|0.431855|0.024799|0.121478|0.467872|-0.272270|0.440478|0.224611|-0.241720|-0.349115|0.102828|-0.288549|0.491781|-0.288829|-0.208704|-0.121355|-0.189276|0.303706|0.249732|-0.433606|-0.343312|-0.491604|0.063079|0.395892|-0.258374|-0.010164|0.226101|0.346469|-0.260485|0.153399|0.365694|-0.457217|0.191591|0.447994|0.210402|-0.214479|-0.189783|

0.169545|-0.044048|0.048302|0.065859|-0.319862|0.361012|-0.229826|-0.395381|-0.087509|-0.198232|-0.404767|-0.389764|0.352986|0.020872|-0.421765|
0.343465|0.473508|0.149054|-0.130296|0.418623|0.327759|0.489544|-0.213405|0.263031|0.316542|-0.268893|-0.020194|-0.270011|-0.353729|0.013596|
0.483250|0.294259|-0.388783|-0.373854|0.078731|0.154497|0.111441|-0.462006|-0.209251|0.089585|0.066012|-0.452381|-0.397952|-0.383095|-0.185810|
0.478353|0.084983|0.212048|0.376076|-0.251086|-0.456689|-0.491138|-0.219736|-0.158090|0.002648|-0.384375|-0.058573|-0.147841|0.155405|-0.094004|
-0.293966|-0.124076|0.395519|-0.460752|-0.125425|-0.121637|0.055403|-0.029056|0.124043|-0.407944|-0.159453|0.392296|0.032383|-0.255649|0.123832|
-0.179187|0.317839|-0.384354|0.469611|0.053496|-0.194639|0.481144|0.456617|-0.379190|0.079129|0.356818|0.310650|0.423930|-0.147168|0.293995|
0.401022|0.370504|0.399133|0.359326|-0.456827|-0.345472|-0.364992|0.358995|0.496408|-0.385912|-0.346381|0.232176|0.441744|-0.278583|-0.046384|
-0.096914|0.225077|-0.089439|-0.482399|0.459558|-0.409588|-0.068520|0.219858|0.167354|-0.399081|0.120811|-0.265793|-0.464970|-0.140023|-0.434741|
-0.431224|-0.317702|0.238688|-0.324355|0.429420|-0.299121|-0.479607|-0.168809|-0.000827|-0.365468|-0.172238|-0.065306|-0.484014|0.193379|0.186292|
